ts_code,roe,trade_date,turnover_rate,pb,log_pb
000001.SZ,3.487,2016-03-31,0.3544,0.9427,-0.05900718058003242
000001.SZ,6.9604,2016-06-30,0.2476,0.903,-0.10203272556515161
000001.SZ,10.4073,2016-09-30,0.2106,0.9068,-0.09783336034876307
000001.SZ,12.4283,2016-12-31,0.2068,0.8765,-0.13181857462084792
000001.SZ,3.0319,2017-03-31,0.3742,0.8641,-0.14606677613478347
000001.SZ,6.0702,2017-06-30,0.2953,0.8586,-0.1524521231916768
000001.SZ,9.1144,2017-09-30,0.4033,0.9961,-0.0039076248310170765
000001.SZ,10.9324,2017-12-31,0.581,1.1524,0.14184672422823644
000001.SZ,2.9611,2018-03-31,0.4446,0.9261,-0.0767730588059137
000001.SZ,5.9405,2018-06-30,0.3933,0.7672,-0.2650077554129086
000001.SZ,8.9467,2018-09-30,1.229,0.9114,-0.0927734001523549
000001.SZ,10.7415,2018-12-31,0.3358,0.7481,-0.29021862010377786
000001.SZ,3.0331,2019-03-31,0.9723,1.0002,0.0001999800026662447
000001.SZ,6.2028,2019-06-30,0.2901,1.0355,0.03488440185350188
000001.SZ,8.9454,2019-09-30,0.5392,1.1684,0.15563529153144895
000001.SZ,10.1966,2019-12-31,0.363,1.1906,0.17445738173715278
000001.SZ,2.5695,2020-03-31,0.2645,0.9098,-0.09453048384623328
000001.SZ,4.1175,2020-06-30,0.4833,0.8929,-0.11328068645896629
000001.SZ,6.6685,2020-09-30,0.6272,1.046,0.044973365642731196
000001.SZ,8.5445,2020-12-31,0.4764,1.2994,0.2619026194642936
000001.SZ,2.7505,2021-03-31,0.4004,1.4519,0.37287304350750494
000001.SZ,4.7437,2021-06-30,0.2079,1.4503,0.37177043158406725
000001.SZ,7.7385,2021-09-30,0.41,1.1325,0.1244275783750521
000001.SZ,9.5674,2021-12-31,0.9022,1.0028,0.002796087302001188
000001.SZ,3.206,2022-03-31,0.5997,0.9169,-0.0867568639262819
000001.SZ,5.4704,2022-06-30,0.7981,0.8646,-0.1454883067486056
000001.SZ,8.9322,2022-09-30,0.2768,0.6715,-0.3982412630188448
000001.SZ,10.966,2022-12-31,0.4215,0.7185,-0.3305895734630574
000069.SZ,1.572,2016-03-31,0.3388,1.5938,0.46612110198151074
000069.SZ,4.1274,2016-06-30,0.2249,1.3898,0.32915985189808983
000069.SZ,7.5009,2016-09-30,0.2562,1.4933,0.4009884360810859
000069.SZ,16.8415,2016-12-31,0.2802,1.4368,0.36241841856579815
000069.SZ,1.7143,2017-03-31,0.2197,1.3869,0.32707104068015236
000069.SZ,3.9025,2017-06-30,1.0562,1.8857,0.6342991047507398
000069.SZ,10.317,2017-09-30,0.5739,1.4854,0.39568409625305906
000069.SZ,18.0508,2017-12-31,0.6509,1.4517,0.3727352834852455
000069.SZ,2.1175,2018-03-31,0.5419,1.4089,0.34280925807709395
000069.SZ,3.8033,2018-06-30,0.4273,1.1021,0.09721745071535928
000069.SZ,9.6044,2018-09-30,0.3818,1.0058,0.005783244755727361
000069.SZ,19.0496,2018-12-31,0.6857,0.9657,-0.034902052009264876
000069.SZ,1.9895,2019-03-31,1.2153,1.1709,0.15777268387254195
000069.SZ,4.7226,2019-06-30,0.2324,0.9677,-0.032833157095240206
000069.SZ,9.8759,2019-09-30,0.2778,0.9632,-0.037494204427580516
000069.SZ,19.3176,2019-12-31,0.6791,1.0251,0.024790168807218686
000069.SZ,1.2309,2020-03-31,0.6666,0.8409,-0.1732825321432848
000069.SZ,3.1527,2020-06-30,0.5108,0.7622,-0.2715462905423772
000069.SZ,7.552,2020-09-30,0.4091,0.8303,-0.18596819771415207
000069.SZ,17.255,2020-12-31,1.0498,0.8267,-0.19031340672350713
000069.SZ,1.1452,2021-03-31,1.9204,1.0771,0.07427224437458742
000069.SZ,2.0152,2021-06-30,0.6219,0.8047,-0.21728574183004995
000069.SZ,4.2961,2021-09-30,1.0933,0.8113,-0.2091173795811177
000069.SZ,4.7608,2021-12-31,0.7014,0.7433,-0.2966555472508893
000069.SZ,0.2167,2022-03-31,2.9679,0.7729,-0.2576056048693117
000069.SZ,0.1307,2022-06-30,2.6687,0.6861,-0.3767318892852919
000069.SZ,0.1564,2022-09-30,0.4484,0.5119,-0.6696259855185994
000069.SZ,-14.5344,2022-12-31,0.7064,0.5686,-0.5645780797652377
000157.SZ,-1.6668,2016-03-31,0.6838,0.8809,-0.12681116686638705
000157.SZ,-2.1646,2016-06-30,0.393,0.8055,-0.216292076365108
000157.SZ,-2.0754,2016-09-30,0.4448,0.95,-0.05129329438755058
000157.SZ,-2.4331,2016-12-31,0.2995,0.9309,-0.0716034188596929
000157.SZ,0.2293,2017-03-31,1.0227,0.9951,-0.004912044361020641
000157.SZ,3.0596,2017-06-30,0.5022,0.9312,-0.07128120200496364
000157.SZ,3.4595,2017-09-30,0.3199,0.9237,-0.0793679353835727
000157.SZ,3.5808,2017-12-31,0.4212,0.924,-0.07904320734045284
000157.SZ,0.9961,2018-03-31,0.2443,0.8732,-0.13559065430634826
000157.SZ,2.3182,2018-06-30,0.2286,0.8415,-0.17256926535127634
000157.SZ,3.471,2018-09-30,0.2208,0.7881,-0.23813029362253316
000157.SZ,5.3309,2018-12-31,0.1759,0.7408,-0.30002459565016737
000157.SZ,2.5903,2019-03-31,0.5552,0.9322,-0.07020789504349645
000157.SZ,6.8508,2019-06-30,1.2366,1.2003,0.18257152554916192
000157.SZ,9.1518,2019-09-30,0.3463,1.2095,0.1902070510679449
000157.SZ,11.3449,2019-12-31,0.644,1.3886,0.32829604533703594
000157.SZ,2.6003,2020-03-31,1.1803,1.1528,0.14219376570317532
000157.SZ,9.6623,2020-06-30,0.8022,1.2673,0.2368886531058815
000157.SZ,13.3524,2020-09-30,0.7672,1.4488,0.37073562758706663
000157.SZ,17.0095,2020-12-31,1.962,1.7568,0.5634939723330744
000157.SZ,4.7299,2021-03-31,2.0781,2.171,0.7751878908961547
000157.SZ,9.4989,2021-06-30,1.0814,1.4469,0.3694233367608989
000157.SZ,11.1591,2021-09-30,1.1453,1.2924,0.25650095496820613
000157.SZ,12.1024,2021-12-31,0.3728,1.1047,0.0995738048960924
000157.SZ,1.5812,2022-03-31,0.4285,1.0133,0.0132123314721349
000157.SZ,3.0673,2022-06-30,0.6125,0.9253,-0.07763726972715247
000157.SZ,3.917,2022-09-30,0.1905,0.874,-0.1346749033266016
000157.SZ,4.1324,2022-12-31,0.1841,0.8765,-0.13181857462084792
000725.SZ,0.1397,2016-03-31,0.948,1.1542,0.14340746329472892
000725.SZ,-0.6704,2016-06-30,0.6073,1.0518,0.050502982173106836
000725.SZ,0.1819,2016-09-30,0.3948,1.0876,0.08397343377617851
000725.SZ,2.4107,2016-12-31,0.991,1.3033,0.26489950955453695
000725.SZ,3.0224,2017-03-31,1.0046,1.5676,0.4495457873433394
000725.SZ,5.3611,2017-06-30,2.2295,1.806,0.5911144549947936
000725.SZ,7.9737,2017-09-30,5.3801,1.8953,0.6393771373501174
000725.SZ,9.2565,2017-12-31,1.6108,2.4065,0.878173409761027
000725.SZ,2.3552,2018-03-31,1.5743,2.2111,0.7934901292559732
000725.SZ,3.4946,2018-06-30,1.6211,1.4514,0.37252860786189956
000725.SZ,3.9607,2018-09-30,0.7287,1.2826,0.24888926773262546
000725.SZ,4.0255,2018-12-31,0.5095,1.0664,0.06428848988236188
000725.SZ,1.2164,2019-03-31,2.6146,1.5807,0.45786778690121266
000725.SZ,1.9358,2019-06-30,0.8387,1.3914,0.3303104345074038
000725.SZ,2.146,2019-09-30,0.7942,1.5082,0.4109168867864096
000725.SZ,2.121,2019-12-31,1.8457,1.8209,0.5993308843556605
000725.SZ,0.5821,2020-03-31,1.8152,1.488,0.3974329364109001
000725.SZ,1.1543,2020-06-30,2.4145,1.8556,0.6182080938954515
000725.SZ,2.5242,2020-09-30,1.4383,1.9533,0.669520249928789
000725.SZ,5.0779,2020-12-31,3.6998,2.4061,0.8780071794485468
000725.SZ,4.8062,2021-03-31,1.3908,2.5143,0.9219944347908331
000725.SZ,12.0035,2021-06-30,1.2302,1.9942,0.6902429674125554
000725.SZ,16.5278,2021-09-30,0.8231,1.6508,0.5012600188962897
000725.SZ,20.9698,2021-12-31,1.048,1.5584,0.4436596539061336
000725.SZ,3.0019,2022-03-31,0.9315,1.2867,0.2520808012088074
000725.SZ,4.6059,2022-06-30,0.8914,1.2098,0.1904550566906768
000725.SZ,3.8287,2022-09-30,0.6318,0.9906,-0.009444458827999689
000725.SZ,5.4094,2022-12-31,0.296,1.0313,0.03082014233988636
000768.SZ,-0.392,2016-03-31,1.5215,3.5121,1.2562141491715995
000768.SZ,0.5306,2016-06-30,1.9095,3.661,1.2977363341380992
000768.SZ,0.7783,2016-09-30,0.3891,3.859,1.3504080825554816
000768.SZ,2.6987,2016-12-31,0.297,3.9019,1.3614636139893828
000768.SZ,-0.573,2017-03-31,1.9158,4.4403,1.4907219417291155
000768.SZ,0.5967,2017-06-30,0.5465,3.3713,1.2152984266558504
000768.SZ,0.8258,2017-09-30,0.8666,3.4703,1.244241045553133
000768.SZ,3.0336,2017-12-31,0.3153,3.0368,1.1108043294334715
000768.SZ,0.1717,2018-03-31,1.6058,3.0267,1.1074729171003062
000768.SZ,1.0365,2018-06-30,0.7525,2.7926,1.0269730615259574
000768.SZ,1.4783,2018-09-30,0.4167,2.8123,1.0340026538909124
000768.SZ,3.5137,2018-12-31,0.2782,2.333,0.847154993039293
000768.SZ,0.2442,2019-03-31,1.1381,2.9415,1.0789196553223737
000768.SZ,1.3912,2019-06-30,0.3993,2.7256,1.0026885873646196
000768.SZ,2.1167,2019-09-30,0.4688,2.6583,0.9776868207392293
000768.SZ,3.4902,2019-12-31,0.4226,2.7734,1.0200740043376268
000768.SZ,0.2648,2020-03-31,1.3254,2.6534,0.9758418365006793
000768.SZ,1.4079,2020-06-30,0.8068,3.0162,1.1039977609444476
000768.SZ,2.7371,2020-09-30,0.5443,3.8633,1.351521740518632
000768.SZ,4.8807,2020-12-31,2.3998,6.0749,1.8041655281857802
000768.SZ,0.8796,2021-03-31,1.0491,4.3883,1.478941908353099
000768.SZ,2.1848,2021-06-30,0.76,4.7793,1.5642940922648219
000768.SZ,3.9207,2021-09-30,1.3595,5.5665,1.7167664901866249
000768.SZ,4.2059,2021-12-31,0.933,6.4318,1.8612544368658572
000768.SZ,0.9767,2022-03-31,0.8936,5.0636,1.622077692780536
000768.SZ,3.0407,2022-06-30,1.7953,5.3489,1.6768909322911647
000768.SZ,4.1117,2022-09-30,1.1457,4.5064,1.5054986085983673
000768.SZ,3.2837,2022-12-31,0.5639,4.344,1.4687955826316343
000776.SZ,2.327,2016-03-31,1.5325,1.6438,0.4970106347322625
000776.SZ,5.3342,2016-06-30,0.6468,1.6446,0.49749719355465805
000776.SZ,8.0467,2016-09-30,0.3793,1.6951,0.5277417361423036
000776.SZ,10.2917,2016-12-31,0.2711,1.686,0.5223588595796637
000776.SZ,2.6739,2017-03-31,0.2861,1.6585,0.5059135794049701
000776.SZ,5.4003,2017-06-30,0.4424,1.6145,0.47902531121619285
000776.SZ,7.8543,2017-09-30,0.5893,1.7908,0.5826624473846733
000776.SZ,10.5217,2017-12-31,0.2566,1.5205,0.4190392281352822
000776.SZ,1.7856,2018-03-31,0.3974,1.4801,0.392109653061006
000776.SZ,3.3833,2018-06-30,0.3295,1.1745,0.1608425251168305
000776.SZ,4.8185,2018-09-30,0.239,1.3021,0.2639783457525456
000776.SZ,5.0628,2018-12-31,0.2927,1.1251,0.11787192059488916
000776.SZ,3.3592,2019-03-31,1.8494,1.4495,0.37121866937957315
000776.SZ,4.7333,2019-06-30,0.5328,1.1794,0.1650058345842667
000776.SZ,6.3655,2019-09-30,0.2647,1.1502,0.13993584029751666
000776.SZ,8.5547,2019-12-31,0.9578,1.286,0.2515366258154277
000776.SZ,2.2462,2020-03-31,0.3216,1.1427,0.13339388317053105
000776.SZ,6.2117,2020-06-30,1.3212,1.1556,0.1446196896099431
000776.SZ,8.688,2020-09-30,0.7059,1.3174,0.2756600972244554
000776.SZ,10.6001,2020-12-31,1.5547,1.2903,0.25487474947566324
000776.SZ,2.56,2021-03-31,0.4954,1.2166,0.19606008290446783
000776.SZ,5.9358,2021-06-30,0.3988,1.1499,0.13967498207248197
000776.SZ,8.5442,2021-09-30,1.5938,1.5935,0.46593285487525393
000776.SZ,10.6004,2021-12-31,1.28,1.8177,0.5975719656369161
000776.SZ,1.216,2022-03-31,1.5292,1.2684,0.23775626368205516
000776.SZ,3.8864,2022-06-30,1.0197,1.3369,0.29035350100693974
000776.SZ,4.6581,2022-09-30,0.4953,1.0287,0.028295869154847247
000776.SZ,6.9932,2022-12-31,0.5174,1.102,0.09712671073072283
000858.SZ,6.483,2016-03-31,0.691,2.4627,0.901258309040193
000858.SZ,8.8833,2016-06-30,0.686,2.6709,0.982415494265598
000858.SZ,11.4995,2016-09-30,0.6106,2.8664,1.053056887008607
000858.SZ,15.0091,2016-12-31,0.6113,2.8833,1.0589354715152113
000858.SZ,7.3519,2017-03-31,0.5711,3.4672,1.2433473517999576
000858.SZ,10.3888,2017-06-30,0.5289,4.4713,1.49767919408378
000858.SZ,14.2572,2017-09-30,0.5721,4.471,1.4976120972518436
000858.SZ,19.2683,2017-12-31,1.1261,5.9896,1.7900246319343385
000858.SZ,8.9055,2018-03-31,0.8281,4.9758,1.6045861617030759
000858.SZ,12.8637,2018-06-30,0.6048,4.9071,1.5906831359504525
000858.SZ,16.8145,2018-09-30,0.616,4.61,1.5282278570085572
000858.SZ,22.914,2018-12-31,0.5024,3.3138,1.1980955671530598
000858.SZ,9.7042,2019-03-31,1.5148,5.8083,1.759287929081092
000858.SZ,14.3945,2019-06-30,0.7123,7.2255,1.977616435756248
000858.SZ,18.8739,2019-09-30,0.6993,7.608,2.0292003252430892
000858.SZ,25.2612,2019-12-31,0.5139,7.4359,2.0063196216784
000858.SZ,9.8592,2020-03-31,0.4966,6.4403,1.8625751228821998
000858.SZ,14.3878,2020-06-30,0.5003,9.0425,2.201935684844116
000858.SZ,18.8184,2020-09-30,0.4277,11.1979,2.415726260720726
000858.SZ,24.944,2020-12-31,0.4216,14.1083,2.646763276678481
000858.SZ,10.3174,2021-03-31,0.3533,12.9544,2.561435498777124
000858.SZ,15.1209,2021-06-30,0.2664,12.1677,2.498784899820709
000858.SZ,19.3901,2021-09-30,0.8551,9.58,2.259677591982769
000858.SZ,25.3034,2021-12-31,0.6194,9.2914,2.2290892411487633
000858.SZ,10.3588,2022-03-31,0.5188,6.4705,1.8672533852795876
000858.SZ,14.9864,2022-06-30,1.0955,7.9853,2.0776023514058077
000858.SZ,19.3702,2022-09-30,0.4303,6.4128,1.8582959930282992
000963.SZ,8.8333,2016-03-31,0.666,5.2799,1.663907158144878
000963.SZ,17.1012,2016-06-30,0.4707,5.2276,1.6539522817407437
000963.SZ,23.9103,2016-09-30,0.3283,5.0176,1.6129517317338968
000963.SZ,28.2273,2016-12-31,0.3717,4.9849,1.6064133430320517
000963.SZ,7.205,2017-03-31,0.7648,6.1871,1.8224664793404894
000963.SZ,13.9395,2017-06-30,0.3844,6.7418,1.9083269515839636
000963.SZ,19.3528,2017-09-30,0.5187,6.2243,1.8284609862286219
000963.SZ,22.7097,2017-12-31,0.4732,6.4576,1.865257731737098
000963.SZ,7.5571,2018-03-31,0.8329,7.5863,2.026343989017851
000963.SZ,14.8836,2018-06-30,0.5329,8.4234,2.1310135472238234
000963.SZ,20.2181,2018-09-30,0.4791,6.8116,1.9186270411703126
000963.SZ,24.736,2018-12-31,0.5276,4.0604,1.4012814909281388
000963.SZ,8.7464,2019-03-31,1.0309,5.0072,1.6108768766283545
000963.SZ,15.2168,2019-06-30,0.6683,4.3991,1.4813999745473954
000963.SZ,20.492,2019-09-30,0.7319,4.1517,1.423517888917857
000963.SZ,25.2892,2019-12-31,1.0728,3.6582,1.2969712231596884
000963.SZ,8.8966,2020-03-31,0.7046,2.6184,0.9625634442048336
000963.SZ,13.3689,2020-06-30,2.6321,3.4075,1.2259788845885506
000963.SZ,18.0209,2020-09-30,0.4544,3.1805,1.1570384171367218
000963.SZ,20.9427,2020-12-31,0.776,3.2656,1.1834435130734433
000963.SZ,5.0751,2021-03-31,2.5972,4.5345,1.5117148239054854
000963.SZ,8.6152,2021-06-30,1.483,5.4162,1.689394462550027
000963.SZ,12.2796,2021-09-30,0.6622,3.3361,1.2048024600664131
000963.SZ,14.7544,2021-12-31,1.5258,4.3286,1.4652441640982918
000963.SZ,4.1619,2022-03-31,0.4662,3.5986,1.2805448809362812
000963.SZ,7.9025,2022-06-30,1.3809,4.7145,1.550642865923595
000963.SZ,11.4377,2022-09-30,0.5144,4.0466,1.397877022362957
000963.SZ,14.2173,2022-12-31,0.4466,4.5169,1.5078259178398468
002007.SZ,5.1223,2016-03-31,1.6347,7.0543,1.9536373599710506
002007.SZ,10.9391,2016-06-30,1.1717,8.0634,2.087335303798936
002007.SZ,15.7684,2016-09-30,1.0649,9.0931,2.2075158841538856
002007.SZ,19.8153,2016-12-31,0.882,8.2203,2.106606704752478
002007.SZ,5.8757,2017-03-31,0.6069,7.8942,2.0661283126177103
002007.SZ,10.1501,2017-06-30,1.5897,8.2776,2.1135530713086035
002007.SZ,14.2602,2017-09-30,0.7996,5.9171,1.777846464008058
002007.SZ,18.4774,2017-12-31,0.641,5.5993,1.7226415899279524
002007.SZ,4.3464,2018-03-31,0.9824,5.993,1.790592121476048
002007.SZ,9.5275,2018-06-30,0.7608,6.5096,1.8732780104003104
002007.SZ,15.4797,2018-09-30,2.0389,7.2822,1.9854330143582337
002007.SZ,22.3567,2018-12-31,0.7465,5.9268,1.7794844383524424
002007.SZ,4.5453,2019-03-31,2.9384,7.4747,2.0115239846921042
002007.SZ,8.979,2019-06-30,1.0586,7.7538,2.048183045777064
002007.SZ,16.4053,2019-09-30,0.7345,8.3473,2.1219381332794023
002007.SZ,21.2662,2019-12-31,2.4024,7.9252,2.0700475560379665
002007.SZ,3.7082,2020-03-31,1.5984,10.2756,2.3297721528380095
002007.SZ,7.8438,2020-06-30,1.7146,14.6553,2.6848020447824
002007.SZ,14.2801,2020-09-30,2.2136,15.9829,2.771519400719255
002007.SZ,22.927,2020-12-31,1.5723,11.0707,2.4043019786870357
002007.SZ,3.2917,2021-03-31,1.142,9.6325,2.2651427975181755
002007.SZ,6.0882,2021-06-30,0.7698,9.1866,2.2177459005569675
002007.SZ,13.5288,2021-09-30,0.599,6.7925,1.9158190623183657
002007.SZ,16.3739,2021-12-31,0.8723,6.5682,1.8822398223564296
002007.SZ,2.5628,2022-03-31,1.5384,4.4444,1.4916448767277166
002007.SZ,6.3934,2022-06-30,1.3617,4.3561,1.4715771616483484
002007.SZ,9.7075,2022-09-30,0.4473,3.3465,1.2079150235585598
002007.SZ,11.489,2022-12-31,2.1174,4.0405,1.396368446691365
002008.SZ,2.4049,2016-03-31,2.3619,4.9535,1.6000943974309478
002008.SZ,8.275,2016-06-30,0.9304,5.2513,1.658475664998615
002008.SZ,12.7685,2016-09-30,0.667,4.6269,1.5318870974155412
002008.SZ,15.0155,2016-12-31,0.4284,4.6573,1.5384358810793772
002008.SZ,2.79,2017-03-31,1.1002,5.2617,1.6604541684500647
002008.SZ,16.026,2017-06-30,1.1842,6.9295,1.9357876605267201
002008.SZ,24.623,2017-09-30,1.688,7.625,2.031432322493475
002008.SZ,27.1007,2017-12-31,2.0892,7.6453,2.03409107994531
002008.SZ,4.9138,2018-03-31,1.987,8.3531,2.122632727448786
002008.SZ,13.4021,2018-06-30,1.4052,7.4281,2.0052701059738838
002008.SZ,21.0662,2018-09-30,0.9205,5.5008,1.7048935362063928
002008.SZ,22.4523,2018-12-31,1.0299,3.9549,1.3749553164498969
002008.SZ,1.9064,2019-03-31,2.6008,5.4973,1.7042570626121987
002008.SZ,4.5109,2019-06-30,0.9916,4.4107,1.484033407021186
002008.SZ,7.0382,2019-09-30,1.9455,4.7763,1.5636661881879315
002008.SZ,7.486,2019-12-31,1.3859,5.2228,1.6530336565517465
002008.SZ,1.2078,2020-03-31,1.6671,3.6808,1.3031301198591219
002008.SZ,6.7931,2020-06-30,3.8528,4.5822,1.5221792321402563
002008.SZ,10.9915,2020-09-30,0.9804,4.0091,1.388566777225555
002008.SZ,10.5389,2020-12-31,3.827,4.9699,1.6033997191817668
002008.SZ,3.3147,2021-03-31,1.1556,4.9178,1.5928612760292988
002008.SZ,8.7429,2021-06-30,2.6291,4.3261,1.4646664433062289
002008.SZ,14.35,2021-09-30,1.1457,4.0295,1.3936422987824288
002008.SZ,18.6691,2021-12-31,1.5622,5.4311,1.692141691698514
002008.SZ,2.5648,2022-03-31,1.3475,3.8154,1.33904550851928
002008.SZ,4.9066,2022-06-30,3.6904,2.6152,0.9613405764278639
002008.SZ,7.7345,2022-09-30,1.0222,2.0212,0.7036913944356163
002008.SZ,9.4055,2022-12-31,0.478,1.9231,0.6539384673346645
002241.SZ,2.0737,2016-03-31,1.6414,4.1549,1.4242883606290988
002241.SZ,4.9572,2016-06-30,0.6832,4.6225,1.5309356842791426
002241.SZ,10.5264,2016-09-30,0.8916,4.7436,1.556796341108503
002241.SZ,16.3108,2016-12-31,0.4249,3.9359,1.3701395723631913
002241.SZ,2.7111,2017-03-31,0.7584,4.7928,1.567114791787578
002241.SZ,5.8595,2017-06-30,0.9727,5.365,1.6798963760826617
002241.SZ,11.0421,2017-09-30,0.5543,4.7975,1.568094948899718
002241.SZ,16.6219,2017-12-31,1.2087,3.9519,1.3741964759217542
002241.SZ,1.2272,2018-03-31,2.2014,2.9238,1.0728841400953784
002241.SZ,2.9766,2018-06-30,0.9621,2.244,0.8082599876604499
002241.SZ,5.6502,2018-09-30,0.4346,1.7956,0.58533922792564
002241.SZ,5.7664,2018-12-31,0.3836,1.4486,0.3705975727790887
002241.SZ,1.3272,2019-03-31,3.0343,2.2545,0.8129282188790019
002241.SZ,3.4209,2019-06-30,1.9516,1.91,0.6471032420585384
002241.SZ,6.3326,2019-09-30,4.0759,3.6989,1.308035478151279
002241.SZ,8.1802,2019-12-31,1.6914,4.0637,1.402093888653794
002241.SZ,1.8368,2020-03-31,3.0327,3.3035,1.1949825124878033
002241.SZ,4.781,2020-06-30,5.9267,6.107,1.8094356542409977
002241.SZ,11.869,2020-09-30,1.3417,8.1152,2.0937388463806603
002241.SZ,15.9283,2020-12-31,3.2471,6.7206,1.9051774362636116
002241.SZ,4.4684,2021-03-31,1.3741,4.1016,1.4113771414873537
002241.SZ,7.8801,2021-06-30,1.6799,6.3258,1.844636508828822
002241.SZ,14.5209,2021-09-30,0.9765,6.0642,1.8024026293265347
002241.SZ,18.1976,2021-12-31,1.4428,7.0419,1.9518780201208141
002241.SZ,3.2336,2022-03-31,2.0943,4.3004,1.4587080416289357
002241.SZ,7.3196,2022-06-30,2.3035,4.1381,1.4202367452952473
002241.SZ,13.0337,2022-09-30,1.3045,3.072,1.1223288152854258
002241.SZ,6.157,2022-12-31,1.7281,1.8218,0.5998250233285725
002304.SZ,10.1634,2016-03-31,0.1521,4.3872,1.478691210385858
002304.SZ,14.699,2016-06-30,0.3081,4.7787,1.564168542986565
002304.SZ,20.1627,2016-09-30,0.2676,4.2753,1.452854275365139
002304.SZ,23.7893,2016-12-31,0.2175,4.2449,1.4457182623598066
002304.SZ,10.0019,2017-03-31,0.1407,5.0572,1.6208129704556056
002304.SZ,14.7903,2017-06-30,0.1425,5.104,1.6300245460424887
002304.SZ,20.4748,2017-09-30,0.3917,5.7082,1.7419037375431512
002304.SZ,23.8525,2017-12-31,0.4453,6.0873,1.8062046336595512
002304.SZ,11.1235,2018-03-31,0.2658,5.5192,1.7082329222497616
002304.SZ,16.6566,2018-06-30,0.2949,6.8093,1.9182893248634811
002304.SZ,22.6605,2018-09-30,0.3436,6.3076,1.8417552555492946
002304.SZ,25.6974,2018-12-31,0.4268,4.3775,1.4764777851778699
002304.SZ,11.2517,2019-03-31,1.5191,5.8435,1.7653299323910745
002304.SZ,16.3314,2019-06-30,0.3758,5.5507,1.713924045931238
002304.SZ,20.4417,2019-09-30,0.334,4.5152,1.5074494826763578
002304.SZ,21.0477,2019-12-31,0.3911,4.5906,1.5240107344837241
002304.SZ,10.4611,2020-03-31,0.4403,3.4658,1.242943486224008
002304.SZ,14.7461,2020-06-30,0.456,4.4628,1.4957763717368875
002304.SZ,19.2403,2020-09-30,0.4271,5.1264,1.6344036584518484
002304.SZ,19.9544,2020-12-31,0.4572,9.3133,2.2314434860562335
002304.SZ,9.5571,2021-03-31,0.4716,6.4503,1.864126641353956
002304.SZ,14.4912,2021-06-30,0.3704,7.3737,1.9979196155018513
002304.SZ,17.8911,2021-09-30,0.6233,6.312,1.842452583543573
002304.SZ,18.5442,2021-12-31,0.7718,5.8907,1.7733748361027772
002304.SZ,11.0796,2022-03-31,0.277,4.8501,1.5789993232935333
002304.SZ,15.7729,2022-06-30,0.6009,6.4211,1.859589442588786
002304.SZ,20.2458,2022-09-30,0.2888,5.3055,1.6687440183315079
002594.SZ,2.6018,2016-03-31,1.3486,4.5089,1.5060532213265252
002594.SZ,6.7329,2016-06-30,1.1624,4.5637,1.5181336980252007
002594.SZ,8.8439,2016-09-30,0.3611,3.0826,1.1257733967304824
002594.SZ,12.0937,2016-12-31,0.2485,2.7344,1.0059120333791893
002594.SZ,1.1734,2017-03-31,0.541,2.5559,0.9384044121192662
002594.SZ,3.3171,2017-06-30,0.665,2.6205,0.9633651392600837
002594.SZ,5.2989,2017-09-30,2.5902,3.5408,1.264352690314648
002594.SZ,7.6538,2017-12-31,0.9271,3.2801,1.1878739097361866
002594.SZ,0.1862,2018-03-31,0.7107,2.7924,1.0269014411141093
002594.SZ,0.8772,2018-06-30,0.6586,2.3635,0.860143571251154
002594.SZ,2.7896,2018-09-30,0.6732,2.4703,0.9043396007544006
002594.SZ,5.0456,2018-12-31,0.7226,2.7506,1.0118190696984701
002594.SZ,1.3423,2019-03-31,1.1237,2.8445,1.045387305208565
002594.SZ,2.6001,2019-06-30,0.483,2.6299,0.9669458226530995
002594.SZ,2.8107,2019-09-30,0.4308,2.5448,0.9340520614527972
002594.SZ,2.884,2019-12-31,1.1587,2.4806,0.9085004663990921
002594.SZ,0.1985,2020-03-31,3.0699,3.1207,1.138057335631039
002594.SZ,2.8493,2020-06-30,1.4876,3.7439,1.3201278488569337
002594.SZ,5.8589,2020-09-30,3.8772,5.731,1.7458900355696003
002594.SZ,7.4523,2020-12-31,4.409,9.3045,2.230498154099145
002594.SZ,0.344,2021-03-31,2.3574,8.4383,2.1327808665188224
002594.SZ,1.6992,2021-06-30,2.4905,8.9064,2.1867701194323605
002594.SZ,3.5065,2021-09-30,1.9483,8.7857,2.1731253997395767
002594.SZ,4.0083,2021-12-31,1.0068,9.4643,2.2475268252438414
002594.SZ,0.8469,2022-03-31,1.4002,7.0367,1.9511393102723253
002594.SZ,3.7514,2022-06-30,1.89,10.1293,2.3154322141947774
002594.SZ,9.4254,2022-09-30,1.8376,7.5939,2.027345293432152
002594.SZ,16.1305,2022-12-31,0.643,7.2973,1.987504416724452
002736.SZ,1.6938,2016-03-31,1.2203,2.6867,0.9883136747213526
002736.SZ,4.5939,2016-06-30,0.9085,3.1628,1.151457711214635
002736.SZ,7.6068,2016-09-30,0.2379,2.9539,1.0831263311326618
002736.SZ,9.2733,2016-12-31,0.2567,2.6823,0.9866746354272451
002736.SZ,2.1234,2017-03-31,0.3298,2.4706,0.9044610361205763
002736.SZ,4.1303,2017-06-30,0.3135,2.2627,0.816558790475145
002736.SZ,6.7659,2017-09-30,0.3407,2.2865,0.8270222641159729
002736.SZ,9.1066,2017-12-31,0.1191,1.7468,0.5577855426292688
002736.SZ,1.4084,2018-03-31,0.1017,1.7115,0.5373701789881029
002736.SZ,2.2398,2018-06-30,0.1005,1.4438,0.36727852672292355
002736.SZ,3.71,2018-09-30,0.0542,1.3495,0.2997341534759222
002736.SZ,6.5491,2018-12-31,0.0905,1.4616,0.3795317260816599
002736.SZ,3.5175,2019-03-31,0.7533,2.1163,0.7496692808842709
002736.SZ,4.8869,2019-06-30,0.1406,2.0087,0.6974877466583655
002736.SZ,6.9568,2019-09-30,0.1188,2.0612,0.7232883374719321
002736.SZ,9.0366,2019-12-31,0.3075,2.0622,0.7237733741017061
002736.SZ,2.5064,2020-03-31,0.1215,1.7774,0.5751516223222378
002736.SZ,5.4361,2020-06-30,0.2421,1.6615,0.5077208088125119
002736.SZ,8.0762,2020-09-30,0.1743,1.9313,0.6581933512964167
002736.SZ,9.6498,2020-12-31,0.5324,1.8905,0.6368413443488505
002736.SZ,2.0613,2021-03-31,0.1344,1.6577,0.5054310994486833
002736.SZ,5.552,2021-06-30,0.1274,1.286,0.2515366258154277
002736.SZ,8.8905,2021-09-30,0.1768,1.5861,0.46127817292737716
002736.SZ,11.3766,2021-12-31,0.2481,1.4801,0.392109653061006
002736.SZ,0.7886,2022-03-31,0.1896,1.2816,0.24810929733195777
002736.SZ,3.2697,2022-06-30,0.186,1.2619,0.2326185216767279
002736.SZ,4.703,2022-09-30,0.0576,1.1134,0.1074183967672703
600015.SH,3.412,2016-03-31,0.2767,0.9226,-0.08055950785841692
600015.SH,7.5288,2016-06-30,0.3826,0.8657,-0.14421685076040894
600015.SH,10.9911,2016-09-30,0.2186,0.8705,-0.13868751977389326
600015.SH,14.583,2016-12-31,0.2548,0.9035,-0.1014791689498539
600015.SH,2.9245,2017-03-31,0.2408,0.9401,-0.06176902639763181
600015.SH,6.3267,2017-06-30,0.3222,0.885,-0.12216763397420753
600015.SH,9.0253,2017-09-30,0.151,0.8565,-0.1549009612179624
600015.SH,12.3776,2017-12-31,0.095,0.8064,-0.2151753816650329
600015.SH,2.6735,2018-03-31,0.1004,0.7984,-0.22514555398488284
600015.SH,5.8308,2018-06-30,0.1027,0.6354,-0.45350055714672133
600015.SH,8.3179,2018-09-30,0.3857,0.6708,-0.39928424903308335
600015.SH,10.8277,2018-12-31,0.1401,0.5888,-0.5296687115674705
600015.SH,2.1398,2019-03-31,0.4046,0.6676,-0.4040660871944571
600015.SH,4.4513,2019-06-30,0.0833,0.6133,-0.48890106635019903
600015.SH,6.3714,2019-09-30,0.1269,0.4855,-0.7225759912507574
600015.SH,9.038,2019-12-31,0.171,0.586,-0.5344354894051244
600015.SH,1.7912,2020-03-31,0.1085,0.372,-0.9888614247089904
600015.SH,3.474,2020-06-30,0.1583,0.4505,-0.7973972019337444
600015.SH,5.2199,2020-09-30,0.1314,0.4492,-0.8002870561178489
600015.SH,7.7618,2020-12-31,0.2524,0.4506,-0.797175250983993
600015.SH,1.8923,2021-03-31,0.2969,0.4491,-0.8005096988884447
600015.SH,3.8839,2021-06-30,0.1075,0.4226,-0.8613291738001807
600015.SH,5.6675,2021-09-30,0.1069,0.3812,-0.96443110720209
600015.SH,8.1309,2021-12-31,0.1412,0.3731,-0.9859087987550249
600015.SH,1.8731,2022-03-31,0.3244,0.359,-1.0244328904938582
600015.SH,3.8487,2022-06-30,0.1251,0.3379,-1.0850052852618928
600015.SH,5.6459,2022-09-30,0.1101,0.3213,-1.1353800128603244
600016.SH,4.4786,2016-03-31,0.118,1.1136,0.10759801059801809
600016.SH,8.7817,2016-06-30,0.2899,1.0643,0.06231730606486159
600016.SH,12.4766,2016-09-30,0.0828,1.0713,0.06887286428637533
600016.SH,14.8625,2016-12-31,0.1855,1.0145,0.01439588028373234
600016.SH,4.0595,2017-03-31,0.219,0.93,-0.07257069283483537
600016.SH,7.9481,2017-06-30,0.2595,0.8641,-0.14606677613478347
600016.SH,11.283,2017-09-30,0.1559,0.8362,-0.17888746005967235
600016.SH,13.807,2017-12-31,0.1792,0.8483,-0.16452093216844793
600016.SH,3.9117,2018-03-31,0.2168,0.7899,-0.2358489238117636
600016.SH,7.6334,2018-06-30,0.1985,0.6809,-0.3843398264932162
600016.SH,10.8025,2018-09-30,0.2467,0.7231,-0.3242077538012309
600016.SH,12.5968,2018-12-31,0.2486,0.625,-0.4700036292457356
600016.SH,3.6855,2019-03-31,0.3695,0.6766,-0.390675022635529
600016.SH,7.0476,2019-06-30,0.1398,0.6511,-0.4290920387393206
600016.SH,9.9897,2019-09-30,0.2129,0.6392,-0.44753788453007215
600016.SH,11.464,2019-12-31,0.147,0.6257,-0.4688842559778192
600016.SH,3.1527,2020-03-31,0.3302,0.5568,-0.5855491699619272
600016.SH,5.439,2020-06-30,0.1523,0.531,-0.6329932577401981
600016.SH,7.0994,2020-09-30,0.1548,0.5071,-0.6790470561811637
600016.SH,6.5451,2020-12-31,0.2266,0.4918,-0.7096831492000448
600016.SH,2.7444,2021-03-31,1.0985,0.481,-0.7318880088763758
600016.SH,4.8066,2021-06-30,0.0912,0.3816,-0.9633823394080057
600016.SH,6.3597,2021-09-30,0.1629,0.36,-1.0216512475319814
600016.SH,6.2295,2021-12-31,0.1771,0.3509,-1.0472539963929677
600016.SH,2.3648,2022-03-31,0.226,0.3453,-1.0633416745861903
600016.SH,4.2317,2022-06-30,0.1479,0.3344,-1.0954173977715906
600016.SH,5.7601,2022-09-30,0.1473,0.2997,-1.2049733046595195
600016.SH,6.0073,2022-12-31,0.1297,0.3,-1.203972804325936
600028.SH,0.9085,2016-03-31,0.2428,0.8533,-0.15864409343959798
600028.SH,2.8137,2016-06-30,0.0648,0.8416,-0.17245043699869161
600028.SH,4.2638,2016-09-30,0.0294,0.861,-0.14966077455440627
600028.SH,6.6901,2016-12-31,0.092,0.9456,-0.055935632330303305
600028.SH,2.3088,2017-03-31,0.1153,0.9757,-0.02460011686823269
600028.SH,3.7862,2017-06-30,0.0815,0.9854,-0.014707628872274288
600028.SH,5.3716,2017-09-30,0.0435,1.0107,0.01064316009847976
600028.SH,7.1024,2017-12-31,0.0737,1.0358,0.035174075007654085
600028.SH,2.5485,2018-03-31,0.1442,1.0788,0.07584931228343783
600028.SH,5.7441,2018-06-30,0.0842,1.1267,0.1192930061879832
600028.SH,8.2756,2018-09-30,0.1058,1.2283,0.2056310995629116
600028.SH,8.7284,2018-12-31,0.3371,0.8465,-0.16664507740894702
600028.SH,2.0251,2019-03-31,0.2074,0.9674,-0.033143218593254184
600028.SH,4.3439,2019-06-30,0.0617,0.9352,-0.06699486882427835
600028.SH,5.9936,2019-09-30,0.0515,0.8561,-0.1553680872336971
600028.SH,7.9026,2019-12-31,0.0933,0.8523,-0.15981670145388518
600028.SH,-2.7257,2020-03-31,0.1685,0.7256,-0.32075638018121017
600028.SH,-3.1969,2020-06-30,0.0708,0.6867,-0.3758577633555064
600028.SH,3.2018,2020-09-30,0.0743,0.6837,-0.38023605406238886
600028.SH,4.4443,2020-12-31,0.0892,0.677,-0.390084006069862
600028.SH,2.3792,2021-03-31,0.097,0.7061,-0.347998408459836
600028.SH,5.194,2021-06-30,0.0809,0.7048,-0.34984120436016736
600028.SH,7.9232,2021-09-30,0.2578,0.724,-0.32296388659642067
600028.SH,9.3845,2021-12-31,0.0734,0.6657,-0.4069161603754792
600028.SH,2.8807,2022-03-31,0.1373,0.6748,-0.3933389283103239
600028.SH,5.5728,2022-06-30,0.0798,0.6527,-0.42663767334096536
600028.SH,7.281,2022-09-30,0.0977,0.6765,-0.39082283137129437
600028.SH,8.4966,2022-12-31,0.0648,0.6707,-0.3994333358764456
600031.SH,0.389,2016-03-31,0.4126,1.9108,0.6475220025336698
600031.SH,0.5991,2016-06-30,0.228,1.6142,0.4788394779081349
600031.SH,0.7586,2016-09-30,0.1483,1.7824,0.5779607707508279
600031.SH,0.8965,2016-12-31,0.252,1.9874,0.6868272518151259
600031.SH,3.2228,2017-03-31,0.5565,2.347,0.8531379168688864
600031.SH,4.946,2017-06-30,0.8503,2.6426,0.9717632809979793
600031.SH,7.5718,2017-09-30,0.5485,2.423,0.8850064418343887
600031.SH,8.6788,2017-12-31,1.3577,2.7803,1.0225588355493493
600031.SH,5.6785,2018-03-31,0.5893,2.3925,0.8723388443449722
600031.SH,12.6735,2018-06-30,1.4087,2.526,0.9266370239282993
600031.SH,17.5036,2018-09-30,0.5541,2.4748,0.9061595846746967
600031.SH,21.4672,2018-12-31,0.7765,2.1467,0.7639317792779058
600031.SH,9.1727,2019-03-31,2.1424,3.5329,1.262119063419393
600031.SH,18.9933,2019-06-30,0.7086,2.8276,1.0394282953146619
600031.SH,24.8159,2019-09-30,0.3944,3.0867,1.1271025590677373
600031.SH,29.5278,2019-12-31,1.0269,3.3894,1.2206529145771343
600031.SH,4.8283,2020-03-31,0.8623,3.4384,1.235006246906109
600031.SH,17.9608,2020-06-30,0.5872,3.416,1.2284702759263233
600031.SH,25.4644,2020-09-30,0.5801,4.2289,1.4419419119587056
600031.SH,30.5624,2020-12-31,0.7309,5.5557,1.7148244277539324
600031.SH,9.3321,2021-03-31,2.9496,5.123,1.6337402049570653
600031.SH,17.017,2021-06-30,2.0842,4.3223,1.4637876679848876
600031.SH,20.8156,2021-09-30,1.0648,3.4934,1.2508754740121553
600031.SH,20.0133,2021-12-31,1.1506,3.0168,1.1041966669620102
600031.SH,2.4659,2022-03-31,0.9961,2.3182,0.8407910224725076
600031.SH,4.1655,2022-06-30,1.6608,2.6341,0.9685415676725678
600031.SH,5.615,2022-09-30,0.5342,1.8777,0.6300476236166284
600031.SH,6.6422,2022-12-31,0.5107,2.0828,0.733713142306607
600036.SH,4.9598,2016-03-31,0.1258,1.1247,0.11751633342783901
600036.SH,9.535,2016-06-30,0.085,1.1641,0.15194825627205816
600036.SH,13.772,2016-09-30,0.0409,1.2583,0.22976160361578513
600036.SH,16.2695,2016-12-31,0.1102,1.1197,0.11306079228401417
600036.SH,4.8548,2017-03-31,0.1646,1.2016,0.18365400202773324
600036.SH,9.5552,2017-06-30,0.1973,1.4876,0.39716408306877793
600036.SH,13.9948,2017-09-30,0.2286,1.5365,0.42950710258840225
600036.SH,15.8969,2017-12-31,0.1595,1.6708,0.5133025536408833
600036.SH,4.6446,2018-03-31,0.1729,1.6444,0.49737557604158633
600036.SH,9.1253,2018-06-30,0.1498,1.4431,0.36679357745989505
600036.SH,13.3977,2018-09-30,0.2695,1.6586,0.5059738730349663
600036.SH,15.791,2018-12-31,0.2973,1.2929,0.2568877572783705
600036.SH,4.5635,2019-03-31,0.5643,1.6904,0.5249651873197099
600036.SH,9.1357,2019-06-30,0.2572,1.7057,0.5339755836646902
600036.SH,13.5919,2019-09-30,0.1896,1.718,0.5411608235620635
600036.SH,16.1309,2019-12-31,0.1827,1.6853,0.5219435894998372
600036.SH,4.4354,2020-03-31,0.183,1.4103,0.3438024477160575
600036.SH,8.0056,2020-06-30,0.1898,1.3988,0.3356147262070837
600036.SH,11.6541,2020-09-30,0.3174,1.5171,0.4168006177719099
600036.SH,14.5825,2020-12-31,0.432,1.7899,0.5821597523703173
600036.SH,4.3297,2021-03-31,0.2529,2.0146,0.7004206645264438
600036.SH,8.2712,2021-06-30,0.1732,2.0366,0.711281750755428
600036.SH,12.3771,2021-09-30,0.2841,1.8967,0.6401155340081397
600036.SH,15.1561,2021-12-31,0.239,1.7427,0.5554356346844593
600036.SH,4.1115,2022-03-31,0.2986,1.6131,0.47815779350160503
600036.SH,7.9484,2022-06-30,0.4036,1.3886,0.32829604533703594
600036.SH,12.025,2022-09-30,0.2616,1.1152,0.10903376102412236
600036.SH,15.2986,2022-12-31,0.2536,1.1759,0.16203381184723298
600085.SH,3.6276,2016-03-31,1.2383,5.8131,1.7601139913925095
600085.SH,7.7686,2016-06-30,1.445,5.5375,1.7115431353712538
600085.SH,10.3129,2016-09-30,0.2811,5.6714,1.7354360008417664
600085.SH,12.5161,2016-12-31,0.9485,5.6743,1.7359472077418527
600085.SH,3.7024,2017-03-31,0.4268,5.5626,1.7160656248588546
600085.SH,7.5765,2017-06-30,0.7241,5.9319,1.7803445664127564
600085.SH,10.2237,2017-09-30,0.5956,5.5287,1.709952706523964
600085.SH,12.5529,2017-12-31,0.3262,5.3696,1.6807534178506953
600085.SH,3.7044,2018-03-31,0.5917,5.7727,1.7531399086796666
600085.SH,7.4613,2018-06-30,0.5488,5.5671,1.7168742720362657
600085.SH,9.7668,2018-09-30,0.2185,4.9922,1.6078766943671459
600085.SH,12.8334,2018-12-31,0.2607,4.1976,1.434512933390365
600085.SH,3.7051,2019-03-31,0.7491,4.4324,1.4889411980800333
600085.SH,7.0167,2019-06-30,0.2665,4.15,1.423108334242607
600085.SH,8.9231,2019-09-30,0.2264,4.0039,1.387268886116118
600085.SH,10.6557,2019-12-31,0.7244,4.2433,1.4453412684108067
600085.SH,2.5523,2020-03-31,0.3888,3.8172,1.3395171695609618
600085.SH,5.1618,2020-06-30,0.84,3.9188,1.3657854844883501
600085.SH,7.606,2020-09-30,0.4122,3.9448,1.3723982559277792
600085.SH,10.8193,2020-12-31,0.9353,3.4263,1.231480961742534
600085.SH,3.1861,2021-03-31,2.8989,4.1779,1.4298087279508498
600085.SH,6.2719,2021-06-30,3.747,5.5164,1.7077254736180456
600085.SH,9.1147,2021-09-30,0.4376,4.2707,1.4517777482309828
600085.SH,11.9945,2021-12-31,1.7247,5.957,1.7845669986465502
600085.SH,3.6934,2022-03-31,2.1031,6.0281,1.7964318698768147
600085.SH,6.8598,2022-06-30,0.5535,6.5786,1.8838219567418915
600085.SH,9.1112,2022-09-30,0.6292,5.6574,1.7329644227175494
600085.SH,12.7071,2022-12-31,0.2581,5.3846,1.6835430274408834
600104.SH,4.4226,2016-03-31,0.2243,1.3339,0.28810698216486136
600104.SH,8.5803,2016-06-30,0.0803,1.2175,0.19679957597460782
600104.SH,12.8536,2016-09-30,0.0617,1.3696,0.3145187264053405
600104.SH,17.441,2016-12-31,0.2472,1.4039,0.3392540779957684
600104.SH,4.0552,2017-03-31,0.406,1.4899,0.39870900361115647
600104.SH,8.0239,2017-06-30,0.1852,1.8487,0.6144826893762627
600104.SH,12.0918,2017-09-30,0.143,1.7135,0.5385380623325264
600104.SH,16.4936,2017-12-31,0.2628,1.7362,0.5516988169755705
600104.SH,4.2233,2018-03-31,0.2173,1.7634,0.5672437636707897
600104.SH,8.5184,2018-06-30,0.147,1.7445,0.5564679816446917
600104.SH,12.136,2018-09-30,0.3005,1.7647,0.5679807042670504
600104.SH,15.6663,2018-12-31,0.3349,1.3507,0.30062297658458137
600104.SH,3.4388,2019-03-31,0.3936,1.3203,0.27785898350301835
600104.SH,5.8376,2019-06-30,0.1336,1.2135,0.19350874618451902
600104.SH,8.6821,2019-09-30,0.1389,1.2488,0.22218309021908517
600104.SH,10.5784,2019-12-31,0.182,1.1392,0.13032626167557426
600104.SH,0.4492,2020-03-31,0.1742,0.9792,-0.021019367224075457
600104.SH,3.3802,2020-06-30,0.3378,0.8305,-0.18572734992878748
600104.SH,6.607,2020-09-30,0.26,0.905,-0.0998203352822109
600104.SH,8.0152,2020-12-31,0.6972,1.1231,0.11609271898685336
600104.SH,2.5918,2021-03-31,0.2178,0.8835,-0.12386398722238602
600104.SH,4.9671,2021-06-30,0.3374,0.957,-0.04395188752918283
600104.SH,7.6652,2021-09-30,0.2229,0.8293,-0.18717330752497896
600104.SH,9.1905,2021-12-31,0.144,0.8899,-0.11664618211932047
600104.SH,2.0016,2022-03-31,0.2061,0.7333,-0.31020038388238325
600104.SH,2.505,2022-06-30,0.2697,0.7502,-0.2874154413343501
600104.SH,4.6282,2022-09-30,0.1111,0.6187,-0.48013477644519387
600111.SH,0.0797,2016-03-31,1.532,5.5477,1.7133834274505442
600111.SH,0.3761,2016-06-30,1.261,5.8871,1.7727635164824553
600111.SH,0.4132,2016-09-30,0.3968,5.4504,1.6956890004773213
600111.SH,1.0854,2016-12-31,0.3134,5.4084,1.6879533005024658
600111.SH,0.8902,2017-03-31,0.3169,5.3379,1.6748323171987631
600111.SH,1.3298,2017-06-30,0.3319,4.9392,1.5972033747657577
600111.SH,4.0671,2017-09-30,1.503,6.9113,1.9331577532251347
600111.SH,4.6484,2017-12-31,3.0563,6.0176,1.7946885087339348
600111.SH,1.2222,2018-03-31,1.086,5.3659,1.6800641159743968
600111.SH,2.4439,2018-06-30,0.7164,4.6957,1.5466471963283865
600111.SH,4.2193,2018-09-30,1.5119,4.171,1.4281558152148082
600111.SH,6.4166,2018-12-31,0.3089,3.5108,1.2558439317358254
600111.SH,1.2806,2019-03-31,1.4865,4.4636,1.495955615329409
600111.SH,2.8535,2019-06-30,2.4176,5.0698,1.623301369093254
600111.SH,4.8992,2019-09-30,0.4912,4.2201,1.439858824449623
600111.SH,6.5095,2019-12-31,0.966,4.1287,1.4179625874466875
600111.SH,1.4967,2020-03-31,1.4431,3.4241,1.2308386634604969
600111.SH,3.3477,2020-06-30,0.5464,3.4903,1.2499876924053832
600111.SH,5.1512,2020-09-30,0.5782,3.9431,1.3719672159738445
600111.SH,8.2956,2020-12-31,3.1589,4.7218,1.5521900828319757
600111.SH,7.1181,2021-03-31,3.195,6.8969,1.9310720352864805
600111.SH,18.0107,2021-06-30,2.9181,6.7792,1.9138591008901578
600111.SH,26.413,2021-09-30,3.3703,13.2049,2.580587972831364
600111.SH,39.8066,2021-12-31,1.6059,12.4006,2.5177448585371476
600111.SH,9.6589,2022-03-31,1.3954,10.4864,2.3500791795223583
600111.SH,19.3649,2022-06-30,2.6044,8.3457,2.1217464361602625
600111.SH,27.405,2022-09-30,0.7447,5.6936,1.7393427370029242
600111.SH,34.0184,2022-12-31,0.6681,4.9584,1.6010831080513468
600519.SH,7.3664,2016-03-31,0.1549,4.8663,1.5823338947420413
600519.SH,13.6576,2016-06-30,0.3027,5.3286,1.6730885395103763
600519.SH,18.8062,2016-09-30,0.2357,5.7593,1.7508159395449232
600519.SH,24.4385,2016-12-31,0.2761,6.1151,1.8107611222351858
600519.SH,8.0614,2017-03-31,0.1948,7.0706,1.9559453419370176
600519.SH,15.151,2017-06-30,0.1785,7.5013,2.0150763388551116
600519.SH,25.4166,2017-09-30,0.1786,8.5987,2.151611029042518
600519.SH,32.9542,2017-12-31,0.6053,10.3867,2.3405261415719067
600519.SH,8.8887,2018-03-31,0.2909,9.3904,2.239687890821933
600519.SH,17.0563,2018-06-30,0.2621,10.6669,2.3671454888923624
600519.SH,25.522,2018-09-30,0.2793,9.8185,2.284268361208148
600519.SH,34.4643,2018-12-31,0.5069,7.2401,1.9796350184569342
600519.SH,9.4737,2019-03-31,0.7239,9.5072,2.2520494062861514
600519.SH,17.5322,2019-06-30,0.2475,11.684,2.4582203845254944
600519.SH,25.5819,2019-09-30,0.2454,12.5888,2.532807529772548
600519.SH,33.1177,2019-12-31,0.1798,11.8641,2.4735170336605266
600519.SH,9.1849,2020-03-31,0.382,11.1421,2.410730726607711
600519.SH,16.5436,2020-06-30,0.1787,14.3885,2.6664292764111095
600519.SH,23.7832,2020-09-30,0.2156,15.2738,2.726138942233547
600519.SH,31.4108,2020-12-31,0.3093,16.907,2.827727737354829
600519.SH,8.2915,2021-03-31,0.2958,15.6438,2.750074672357442
600519.SH,15.2628,2021-06-30,0.1745,17.1057,2.8394117412987345
600519.SH,22.204,2021-09-30,0.3227,14.2134,2.654185181609999
600519.SH,29.9036,2021-12-31,0.2361,14.7705,2.6926319483738292
600519.SH,8.7025,2022-03-31,0.2004,11.3929,2.432990354358051
600519.SH,15.6135,2022-06-30,0.3103,14.3072,2.6607629070575243
600519.SH,22.4101,2022-09-30,0.1695,12.2446,2.505085023476126
600519.SH,32.4077,2022-12-31,0.2017,12.1073,2.4938085764720475
600585.SH,1.6265,2016-03-31,1.1811,1.2697,0.2387806520936087
600585.SH,4.725,2016-06-30,0.4238,1.1124,0.10651984337767278
600585.SH,8.2673,2016-09-30,0.222,1.2486,0.22202292364550663
600585.SH,11.5974,2016-12-31,0.1351,1.2163,0.1958134636422536
600585.SH,2.7697,2017-03-31,0.3947,1.4347,0.3609557681222073
600585.SH,8.5568,2017-06-30,0.9317,1.5803,0.457614702432921
600585.SH,12.2598,2017-09-30,0.6766,1.6462,0.4984696015564066
600585.SH,19.1003,2017-12-31,0.6342,1.8635,0.622456439937176
600585.SH,5.2072,2018-03-31,0.8159,1.9068,0.6454264443485336
600585.SH,13.9669,2018-06-30,0.6145,2.0219,0.7040376633911181
600585.SH,21.4622,2018-09-30,0.5774,2.0326,0.709315761721529
600585.SH,29.5052,2018-12-31,0.3699,1.4971,0.4035299034736539
600585.SH,5.2537,2019-03-31,1.1543,1.7955,0.5852835346840005
600585.SH,13.1714,2019-06-30,0.5825,2.0019,0.6940967295955335
600585.SH,19.8217,2019-09-30,0.2483,1.8406,0.6100916054226194
600585.SH,26.8688,2019-12-31,0.8376,2.2757,0.822287697383036
600585.SH,3.5139,2020-03-31,0.6011,2.1257,0.7541011598969428
600585.SH,11.464,2020-06-30,0.6384,2.1292,0.7557463223164652
600585.SH,17.1133,2020-09-30,0.6148,2.0481,0.7169125341102072
600585.SH,23.4837,2020-12-31,0.6704,1.8053,0.5907267829604753
600585.SH,3.5274,2021-03-31,0.4448,1.6773,0.5171853577185722
600585.SH,9.1397,2021-06-30,0.4139,1.3919,0.3306697202512177
600585.SH,13.3885,2021-09-30,0.605,1.3076,0.26819339586791857
600585.SH,19.2569,2021-12-31,0.3612,1.237,0.21268909341035092
600585.SH,2.6484,2022-03-31,0.8705,1.1393,0.130414038721933
600585.SH,5.4245,2022-06-30,0.9058,1.0644,0.06241126012139708
600585.SH,6.8175,2022-09-30,0.7122,0.8524,-0.15969937875767493
600585.SH,8.5269,2022-12-31,0.3483,0.8033,-0.2190270358023702
600660.SH,3.4898,2016-03-31,0.7559,2.2764,0.8225952477468319
600660.SH,8.9684,2016-06-30,0.4496,2.3219,0.8423858160261829
600660.SH,13.0748,2016-09-30,0.2133,2.6352,0.9689590804412389
600660.SH,18.258,2016-12-31,0.4163,2.7707,1.0190999958552922
600660.SH,3.7679,2017-03-31,0.6349,3.1452,1.145877481135224
600660.SH,7.8158,2017-06-30,0.4352,3.7887,1.332022952338097
600660.SH,11.8697,2017-09-30,0.4376,3.667,1.2993738890891888
600660.SH,17.0044,2017-12-31,0.5355,4.0228,1.3919781775881883
600660.SH,2.9335,2018-03-31,0.6369,3.2703,1.1848817238202856
600660.SH,9.8346,2018-06-30,0.3225,3.6905,1.30576195022797
600660.SH,16.4793,2018-09-30,0.4906,3.3602,1.212000496013165
600660.SH,21.0273,2018-12-31,0.2978,2.9177,1.0707956346713345
600660.SH,2.9627,2019-03-31,0.9596,3.0229,1.1062166355280445
600660.SH,7.512,2019-06-30,1.0562,3.0266,1.1074398772707887
600660.SH,11.4236,2019-09-30,0.4363,2.7087,0.9964688149994061
600660.SH,13.9478,2019-12-31,1.2446,2.8807,1.058033320170194
600660.SH,2.1274,2020-03-31,0.6046,2.2515,0.8115966607594893
600660.SH,4.6039,2020-06-30,0.4125,2.3939,0.8729238351689422
600660.SH,8.1331,2020-09-30,1.3576,3.9624,1.376849902291891
600660.SH,12.1065,2020-12-31,1.0532,5.7406,1.74756373448536
600660.SH,3.8767,2021-03-31,1.5078,5.3531,1.6776758323501488
600660.SH,7.6016,2021-06-30,0.8496,5.5833,1.7197799994358907
600660.SH,10.9483,2021-09-30,0.7716,4.4185,1.485800271975922
600660.SH,13.1363,2021-12-31,0.7557,4.7639,1.5610666605086805
600660.SH,3.2593,2022-03-31,0.8241,3.5298,1.2612412121163281
600660.SH,9.0123,2022-06-30,0.6656,4.4458,1.4919598302746724
600660.SH,14.245,2022-09-30,0.444,3.5196,1.2583473467892685
600660.SH,17.1965,2022-12-31,0.3806,3.2157,1.1680450633834463
600741.SH,4.5151,2016-03-31,0.6815,1.3262,0.2823177099526302
600741.SH,9.8597,2016-06-30,0.1889,1.3228,0.2797507021255006
600741.SH,14.0423,2016-09-30,0.1556,1.4237,0.35325911663756304
600741.SH,18.5905,2016-12-31,0.2501,1.3833,0.32447194889863246
600741.SH,3.9391,2017-03-31,1.8021,1.507,0.4101209196443583
600741.SH,8.5041,2017-06-30,0.4186,1.9338,0.6594869790673101
600741.SH,12.4047,2017-09-30,0.9108,1.8742,0.6281819017075863
600741.SH,16.5127,2017-12-31,0.6123,2.3662,0.8612852928374254
600741.SH,6.8359,2018-03-31,0.5238,1.8504,0.6154018319350923
600741.SH,11.4331,2018-06-30,0.2965,1.7037,0.5328023565693595
600741.SH,14.9345,2018-09-30,0.3963,1.6799,0.5187342678340314
600741.SH,18.5282,2018-12-31,0.3031,1.3202,0.27778324027253337
600741.SH,3.9694,2019-03-31,0.6051,1.4622,0.37994215087707844
600741.SH,7.3792,2019-06-30,0.293,1.4303,0.35788421247871727
600741.SH,10.5414,2019-09-30,0.2165,1.7431,0.5556651372386827
600741.SH,13.6372,2019-12-31,0.4453,1.7032,0.5325088345971327
600741.SH,0.2735,2020-03-31,0.4466,1.4116,0.3447238128189779
600741.SH,2.6793,2020-06-30,0.6368,1.336,0.28968007511445404
600741.SH,6.231,2020-09-30,0.3876,1.6316,0.48956112846126626
600741.SH,10.5986,2020-12-31,0.7793,1.8118,0.5943208262530504
600741.SH,2.4298,2021-03-31,0.4758,1.6544,0.5034384053319729
600741.SH,5.1548,2021-06-30,0.5776,1.5391,0.4311978300037712
600741.SH,9.3945,2021-09-30,0.294,1.3475,0.2982510238010151
600741.SH,12.674,2021-12-31,0.4365,1.8762,0.6292484547097136
600741.SH,3.4036,2022-03-31,0.5496,1.3226,0.2795994962584249
600741.SH,5.1263,2022-06-30,0.9973,1.4282,0.3564149101328725
600741.SH,9.7495,2022-09-30,0.4185,1.0698,0.06747171511501276
600837.SH,1.624,2016-03-31,1.068,1.5262,0.42278098587339574
600837.SH,4.0082,2016-06-30,0.4012,1.637,0.49286529838899784
600837.SH,5.8967,2016-09-30,0.1197,1.8315,0.6051353032367319
600837.SH,7.3851,2016-12-31,0.3362,1.6747,0.5156340447582954
600837.SH,2.0121,2017-03-31,0.3413,1.5248,0.42186325391780055
600837.SH,3.6151,2017-06-30,0.1522,1.5177,0.41719603098386304
600837.SH,5.4324,2017-09-30,0.3566,1.5115,0.4131025352373757
600837.SH,7.5638,2017-12-31,0.189,1.2748,0.24278930356104422
600837.SH,1.4626,2018-03-31,0.389,1.1223,0.11538015104007317
600837.SH,2.5822,2018-06-30,0.5057,0.9146,-0.08926846775818227
600837.SH,3.0469,2018-09-30,0.4535,0.9012,-0.10402807042404769
600837.SH,4.4234,2018-12-31,0.5567,0.8596,-0.15128811421378163
600837.SH,3.1351,2019-03-31,3.5968,1.3692,0.31422662767389314
600837.SH,4.6006,2019-06-30,0.8309,1.3307,0.2857051195675597
600837.SH,6.1064,2019-09-30,0.8846,1.363,0.30968815271439554
600837.SH,7.8076,2019-12-31,1.3806,1.4336,0.36018876323852894
600837.SH,1.798,2020-03-31,0.4479,1.1712,0.15802886422491008
600837.SH,4.2634,2020-06-30,1.2202,1.1319,0.12389763665623733
600837.SH,6.0613,2020-09-30,0.5322,1.2244,0.20245092808912032
600837.SH,7.7809,2020-12-31,1.4155,1.1142,0.10813665860457813
600837.SH,2.3359,2021-03-31,0.3766,0.9425,-0.059219359659971216
600837.SH,5.2436,2021-06-30,0.3389,0.9613,-0.039468743910366526
600837.SH,7.4962,2021-09-30,0.933,1.0027,0.002696361547742533
600837.SH,8.103,2021-12-31,0.4373,0.9882,-0.011870172570487445
600837.SH,0.9168,2022-03-31,0.521,0.8248,-0.19261434627938692
600837.SH,2.9169,2022-06-30,0.4019,0.7809,-0.24730817831350763
600837.SH,3.7116,2022-09-30,0.2489,0.6937,-0.3657156885908815
600837.SH,3.9944,2022-12-31,0.2213,0.6912,-0.36932606149229114
600886.SH,4.5633,2016-03-31,0.8788,1.8237,0.6008674044406495
600886.SH,5.6387,2016-06-30,0.3879,1.6099,0.4761720652661116
600886.SH,12.4742,2016-09-30,0.4447,1.6978,0.5293332953217303
600886.SH,14.1749,2016-12-31,0.3252,1.6118,0.4773515669082738
600886.SH,3.1913,2017-03-31,0.6891,1.8196,0.598616696713712
600886.SH,4.4,2017-06-30,0.317,1.8109,0.5938239592651596
600886.SH,10.0211,2017-09-30,0.1834,1.7424,0.5552634731965589
600886.SH,10.9134,2017-12-31,0.3758,1.6465,0.49865182283428194
600886.SH,3.1594,2018-03-31,0.2784,1.5791,0.45685506449046037
600886.SH,4.9413,2018-06-30,0.1854,1.5385,0.4308079157799594
600886.SH,10.6429,2018-09-30,0.2976,1.5787,0.45660172355554407
600886.SH,12.7892,2018-12-31,0.4731,1.6549,0.5037405840427605
600886.SH,2.7435,2019-03-31,0.6831,1.6717,0.513841072726448
600886.SH,6.0056,2019-06-30,0.3271,1.5129,0.4140283387686522
600886.SH,11.1424,2019-09-30,0.2349,1.8767,0.6295149153150899
600886.SH,12.1819,2019-12-31,0.2624,1.7267,0.5462120724362475
600886.SH,3.5947,2020-03-31,0.2493,1.4934,0.4010553996194643
600886.SH,7.4524,2020-06-30,0.1632,1.4097,0.3433769157947426
600886.SH,12.2992,2020-09-30,0.1135,1.6252,0.4856308851314346
600886.SH,12.5914,2020-12-31,0.2503,1.4154,0.34741217665954727
600886.SH,2.5602,2021-03-31,0.3432,1.6267,0.4865534227902707
600886.SH,5.0316,2021-06-30,0.1417,1.563,0.4466070514393395
600886.SH,7.2744,2021-09-30,1.1726,2.0021,0.6941966296955167
600886.SH,4.9388,2021-12-31,0.6167,1.658,0.5056120567131032
600886.SH,1.9965,2022-03-31,0.1069,1.3501,0.30017866378106345
600886.SH,4.5066,2022-06-30,0.1668,1.6731,0.5146781930814807
600886.SH,7.7996,2022-09-30,0.0771,1.7017,0.5316277513952539
601006.SH,2.2792,2016-03-31,0.4563,1.1626,0.1506588762851132
601006.SH,4.2009,2016-06-30,0.3612,1.0502,0.04898062222162189
601006.SH,5.8252,2016-09-30,0.1227,1.0947,0.0904803531283746
601006.SH,8.0122,2016-12-31,0.1991,1.202,0.1839868361130158
601006.SH,3.457,2017-03-31,0.5588,1.2852,0.25091434825956627
601006.SH,8.3058,2017-06-30,0.2462,1.3961,0.3336826350124651
601006.SH,12.0031,2017-09-30,0.2435,1.388,0.32786386208461266
601006.SH,14.1093,2017-12-31,0.2003,1.3843,0.32519459671155226
601006.SH,4.0376,2018-03-31,0.18,1.2637,0.23404392578249802
601006.SH,8.1897,2018-06-30,0.2043,1.2644,0.23459770135932556
601006.SH,11.8957,2018-09-30,0.2576,1.2155,0.195155514774041
601006.SH,14.1276,2018-12-31,0.2653,1.1697,0.15674730567452425
601006.SH,3.6936,2019-03-31,0.3611,1.1853,0.16999590710331772
601006.SH,7.5177,2019-06-30,0.2521,1.1647,0.15246354312646918
601006.SH,11.0953,2019-09-30,0.0869,1.0505,0.049266241302918054
601006.SH,12.4054,2019-12-31,0.1526,1.0956,0.09130215840678596
601006.SH,2.233,2020-03-31,0.0892,0.9074,-0.09717191175227355
601006.SH,4.9219,2020-06-30,0.1828,0.8997,-0.1056939045590639
601006.SH,7.7364,2020-09-30,0.0921,0.8404,-0.17387731001129167
601006.SH,9.2804,2020-12-31,0.2457,0.8264,-0.19067636117670825
601006.SH,2.9585,2021-03-31,0.1816,0.8968,-0.10892240722418685
601006.SH,6.1742,2021-06-30,0.1355,0.8107,-0.20985720698847563
601006.SH,8.3825,2021-09-30,0.1542,0.7924,-0.2326889641577412
601006.SH,9.9306,2021-12-31,0.1287,0.7907,-0.23483664990525577
601006.SH,2.3554,2022-03-31,0.2849,0.8487,-0.16404951200650586
601006.SH,5.8706,2022-06-30,0.2844,0.789,-0.23698895813626278
601006.SH,8.5603,2022-09-30,0.1814,0.8286,-0.1880177493388356
601186.SH,2.2709,2016-03-31,0.1953,1.3632,0.3098348770929142
601186.SH,4.9611,2016-06-30,0.3241,1.1778,0.1636482915283333
601186.SH,7.6693,2016-09-30,0.1502,0.9944,-0.005615738785635745
601186.SH,11.5293,2016-12-31,0.6344,1.2864,0.25184761944256484
601186.SH,2.171,2017-03-31,0.4892,1.3446,0.29609657105279924
601186.SH,4.8955,2017-06-30,0.1785,1.2191,0.19811288158896354
601186.SH,7.7808,2017-09-30,0.1995,1.1903,0.17420537619169696
601186.SH,11.445,2017-12-31,0.1379,1.0848,0.08139563820399406
601186.SH,2.2461,2018-03-31,0.1834,0.8889,-0.11777053573450778
601186.SH,5.1765,2018-06-30,0.1146,0.7539,-0.2824955457644808
601186.SH,8.0576,2018-09-30,0.7033,0.9463,-0.05519563546795001
601186.SH,11.2341,2018-12-31,0.5731,1.0244,0.0241070753432331
601186.SH,2.259,2019-03-31,1.0827,1.0847,0.0813034510640348
601186.SH,5.4204,2019-06-30,0.2557,0.8789,-0.1290841534115375
601186.SH,8.3101,2019-09-30,0.2115,0.7564,-0.2791849421978347
601186.SH,10.6344,2019-12-31,0.4718,0.8552,-0.15641991927130164
601186.SH,1.4078,2020-03-31,1.0512,0.7863,-0.2404168799846667
601186.SH,4.3852,2020-06-30,0.2845,0.6622,-0.41218765386899114
601186.SH,6.8751,2020-09-30,0.23,0.6442,-0.4397460420850386
601186.SH,9.6468,2020-12-31,0.3298,0.5976,-0.5148336451635295
601186.SH,1.9639,2021-03-31,0.9448,0.5847,-0.5366563838005123
601186.SH,4.8123,2021-06-30,0.1919,0.5306,-0.6337468372784978
601186.SH,6.9294,2021-09-30,0.4994,0.5526,-0.5931208664928209
601186.SH,9.4403,2021-12-31,0.3673,0.5315,-0.6320520812001345
601186.SH,2.072,2022-03-31,0.4401,0.5061,-0.6810210007621047
601186.SH,4.9028,2022-06-30,0.4666,0.5096,-0.6741291747241833
601186.SH,6.7981,2022-09-30,0.1965,0.441,-0.818710403535291
601186.SH,9.5274,2022-12-31,0.3784,0.4765,-0.7412875558878803
601211.SH,2.4775,2016-03-31,3.1895,1.5766,0.45527062964367077
601211.SH,5.2962,2016-06-30,1.669,1.4676,0.38362841349898996
601211.SH,7.9313,2016-09-30,0.1979,1.4352,0.3613042123223946
601211.SH,10.0788,2016-12-31,0.405,1.4539,0.37424960095524284
601211.SH,2.5729,2017-03-31,0.3603,1.4347,0.3609557681222073
601211.SH,4.386,2017-06-30,0.5645,1.5511,0.438964356648568
601211.SH,6.376,2017-09-30,0.5956,1.6121,0.4775376768998158
601211.SH,8.8587,2017-12-31,0.3691,1.3369,0.29035350100693974
601211.SH,1.8191,2018-03-31,0.3805,1.2315,0.20823293857845557
601211.SH,3.2727,2018-06-30,0.2168,1.0545,0.053066720936692235
601211.SH,4.4686,2018-09-30,0.2142,1.1796,0.16517539795898412
601211.SH,5.441,2018-12-31,0.32,1.0802,0.07714620917665374
601211.SH,2.3966,2019-03-31,1.3134,1.5633,0.44679897160114146
601211.SH,3.98,2019-06-30,0.5725,1.3745,0.3180900286231633
601211.SH,5.0614,2019-09-30,0.3172,1.2386,0.21398170952182344
601211.SH,6.6196,2019-12-31,0.5194,1.3831,0.32432735664852513
601211.SH,1.3211,2020-03-31,0.2158,1.1949,0.17806249987357126
601211.SH,4.0433,2020-06-30,0.4205,1.2518,0.22458251550846403
601211.SH,6.5657,2020-09-30,0.3146,1.3413,0.2936392929259075
601211.SH,8.0931,2020-12-31,0.9072,1.2587,0.23007944231532215
601211.SH,3.1647,2021-03-31,0.3909,1.1456,0.13592851722424407
601211.SH,5.7799,2021-06-30,0.2543,1.1713,0.15811424309369193
601211.SH,8.2786,2021-09-30,0.5348,1.2327,0.20920688557533662
601211.SH,10.5551,2021-12-31,0.3977,1.2013,0.1834043037451924
601211.SH,1.6998,2022-03-31,0.4229,1.0279,0.027517886036739277
601211.SH,4.3297,2022-06-30,0.3212,0.9797,-0.020508876631540447
601211.SH,5.5853,2022-09-30,0.1812,0.8941,-0.11193765324086466
601211.SH,7.5501,2022-12-31,0.1856,0.8732,-0.13559065430634826
601225.SH,-0.1244,2016-03-31,0.5588,1.4103,0.3438024477160575
601225.SH,0.7979,2016-06-30,0.8598,1.6537,0.5030152016740136
601225.SH,3.217,2016-09-30,0.7534,1.7977,0.5865080700702333
601225.SH,8.4059,2016-12-31,0.8141,1.4865,0.3964243634560153
601225.SH,7.4461,2017-03-31,0.3138,1.8942,0.638796585809864
601225.SH,14.8146,2017-06-30,0.4903,1.8879,0.6354651002188605
601225.SH,21.0327,2017-09-30,0.5541,2.2269,0.800610483809474
601225.SH,26.5916,2017-12-31,0.6361,1.9266,0.6557567913413862
601225.SH,6.195,2018-03-31,0.8798,1.7434,0.5558372295953387
601225.SH,13.0689,2018-06-30,0.8244,1.7303,0.5482948038804656
601225.SH,18.8199,2018-09-30,0.4873,1.8613,0.6212751683221504
601225.SH,23.1699,2018-12-31,0.2545,1.4888,0.39797042634590385
601225.SH,5.3737,2019-03-31,0.7637,1.763,0.5670169034157331
601225.SH,11.3441,2019-06-30,0.177,1.7567,0.5634370490372002
601225.SH,16.9696,2019-09-30,0.1317,1.652,0.5019866750987863
601225.SH,21.3801,2019-12-31,0.1881,1.5942,0.4663720430116858
601225.SH,3.9508,2020-03-31,0.2305,1.2852,0.25091434825956627
601225.SH,8.4007,2020-06-30,0.1598,1.1816,0.16686945223503297
601225.SH,18.2983,2020-09-30,0.3877,1.388,0.32786386208461266
601225.SH,23.1661,2020-12-31,0.7276,1.3897,0.32908789651039916
601225.SH,4.6698,2021-03-31,0.2855,1.594,0.46624658036802336
601225.SH,11.6559,2021-06-30,0.2598,1.5979,0.46869026716320583
601225.SH,19.1839,2021-09-30,1.0954,2.0661,0.7256627722366252
601225.SH,27.1687,2021-12-31,0.5224,1.5085,0.41111577961697865
601225.SH,6.4524,2022-03-31,0.7871,1.8723,0.62716762162597
601225.SH,26.9121,2022-06-30,0.4971,2.2535,0.8124845631485658
601225.SH,30.3038,2022-09-30,0.3174,2.2661,0.8180602922587419
601288.SH,4.4251,2016-03-31,0.0279,0.9504,-0.05087233037375655
601288.SH,8.5264,2016-06-30,0.0367,0.8795,-0.12840171480452425
601288.SH,12.2332,2016-09-30,0.0115,0.9059,-0.0988263543068949
601288.SH,14.5507,2016-12-31,0.0711,0.8182,-0.2006484734868388
601288.SH,4.156,2017-03-31,0.1422,0.8761,-0.13227503930981893
601288.SH,8.124,2017-06-30,0.0496,0.8912,-0.11518640980911748
601288.SH,11.7474,2017-09-30,0.0404,0.9729,-0.02747397700075509
601288.SH,14.0612,2017-12-31,0.1075,0.9381,-0.06389872585023171
601288.SH,4.0698,2018-03-31,0.1009,0.9431,-0.05858295743229787
601288.SH,7.7408,2018-06-30,0.0693,0.845,-0.16841865162496325
601288.SH,11.2282,2018-09-30,0.1177,0.8588,-0.1522192129775111
601288.SH,13.0967,2018-12-31,0.0699,0.8126,-0.2075162954285107
601288.SH,3.6001,2019-03-31,0.1327,0.842,-0.17197526473981037
601288.SH,7.1376,2019-06-30,0.0964,0.7916,-0.23369906525372644
601288.SH,10.071,2019-09-30,0.0512,0.7327,-0.3110189378162188
601288.SH,11.7225,2019-12-31,0.0669,0.7518,-0.2852849478520594
601288.SH,3.2341,2020-03-31,0.0562,0.6746,-0.39363535635458724
601288.SH,5.4005,2020-06-30,0.052,0.6496,-0.4313984901346689
601288.SH,8.0618,2020-09-30,0.0636,0.64,-0.4462871026284195
601288.SH,10.3981,2020-12-31,0.0884,0.5994,-0.5118261240995741
601288.SH,2.9475,2021-03-31,0.0733,0.6313,-0.4599740936085571
601288.SH,5.4825,2021-06-30,0.056,0.5003,-0.6925473604879777
601288.SH,8.2519,2021-09-30,0.0688,0.5315,-0.6320520812001345
601288.SH,10.4422,2021-12-31,0.0359,0.5143,-0.6649485262012665
601288.SH,2.8631,2022-03-31,0.1796,0.5246,-0.6451192115493638
601288.SH,5.2267,2022-06-30,0.1117,0.4991,-0.6949488025065735
601288.SH,7.8375,2022-09-30,0.0869,0.4745,-0.7454936609321545
601288.SH,10.1963,2022-12-31,0.1288,0.466,-0.763569644856491
601318.SH,6.0709,2016-03-31,0.2751,1.7397,0.5537126845683675
601318.SH,11.6804,2016-06-30,0.1641,1.6845,0.5214687838644705
601318.SH,15.8369,2016-09-30,0.1791,1.7645,0.5678673641331877
601318.SH,17.3873,2016-12-31,0.25,1.7072,0.5348546015653519
601318.SH,5.8,2017-03-31,0.589,1.7644,0.5678106892486476
601318.SH,10.7329,2017-06-30,0.5526,2.204,0.7902738912906682
601318.SH,15.947,2017-09-30,0.4008,2.3763,0.8655446561562067
601318.SH,20.7955,2017-12-31,0.9601,2.8537,1.04861639790242
601318.SH,5.2709,2018-03-31,0.7773,2.5222,0.9251315365396371
601318.SH,11.7434,2018-06-30,0.5955,2.2311,0.8024947373952271
601318.SH,15.8582,2018-09-30,0.6827,2.481,0.9086617047096639
601318.SH,20.858,2018-12-31,0.8447,1.9423,0.6638728378559501
601318.SH,7.8777,2019-03-31,1.3195,2.5326,0.929246443034371
601318.SH,16.5295,2019-06-30,0.5498,2.7977,1.028797651052415
601318.SH,21.6359,2019-09-30,0.4254,2.6013,0.9560113200690874
601318.SH,24.3004,2019-12-31,0.3988,2.4364,0.8905215399801925
601318.SH,3.8234,2020-03-31,0.3927,1.8784,0.6304203506516403
601318.SH,9.9893,2020-06-30,0.4168,1.9582,0.6720256839378339
601318.SH,14.9029,2020-09-30,0.4396,2.028,0.7070500857289367
601318.SH,19.9341,2020-12-31,0.7346,2.2405,0.8066990552440606
601318.SH,3.5476,2021-03-31,0.4464,1.8866,0.6347762672336158
601318.SH,7.4633,2021-06-30,0.4398,1.5942,0.4663720430116858
601318.SH,10.5028,2021-09-30,0.6278,1.1164,0.11010922268003011
601318.SH,12.9042,2021-12-31,0.3305,1.1874,0.171766042854438
601318.SH,2.5102,2022-03-31,0.3909,1.0902,0.08636116564804351
601318.SH,7.2569,2022-06-30,0.3617,1.0585,0.0568528115927828
601318.SH,9.2615,2022-09-30,0.3061,0.8956,-0.11026139425753735
601318.SH,10.0263,2022-12-31,0.5105,1.045,0.04401688541677426
601328.SH,3.503,2016-03-31,0.3183,0.7955,-0.22878443120429554
601328.SH,6.9268,2016-06-30,0.1412,0.7551,-0.28090508817275717
601328.SH,9.1384,2016-09-30,0.0781,0.7935,-0.23130173901567333
601328.SH,11.5478,2016-12-31,0.2046,0.7708,-0.26032634244192565
601328.SH,3.0241,2017-03-31,0.2526,0.8127,-0.20739324122297798
601328.SH,6.1263,2017-06-30,0.1816,0.7768,-0.2525723620050218
601328.SH,8.4542,2017-09-30,0.1342,0.8045,-0.21753431254969918
601328.SH,10.8012,2017-12-31,0.1364,0.7707,-0.2604560861981894
601328.SH,3.0111,2018-03-31,0.2698,0.7508,-0.28661597426978325
601328.SH,6.1089,2018-06-30,0.0899,0.7064,-0.34757362969238675
601328.SH,8.4669,2018-09-30,0.2178,0.7183,-0.330867969901381
601328.SH,10.7525,2018-12-31,0.2124,0.6906,-0.3701944940262451
601328.SH,2.9738,2019-03-31,0.3513,0.7443,-0.2953110996162721
601328.SH,6.0427,2019-06-30,0.1769,0.6898,-0.3713535784793966
601328.SH,8.1625,2019-09-30,0.1689,0.638,-0.44941699563734716
601328.SH,10.3618,2019-12-31,0.1701,0.619,-0.47965000629754095
601328.SH,2.6754,2020-03-31,0.1492,0.5527,-0.5929399201429199
601328.SH,4.5752,2020-06-30,0.1526,0.5362,-0.6232480531802781
601328.SH,6.5143,2020-09-30,0.1863,0.4798,-0.7343859285765428
601328.SH,9.4314,2020-12-31,0.2834,0.4685,-0.7582191773036601
601328.SH,2.4991,2021-03-31,0.6125,0.5013,-0.6905505547126793
601328.SH,4.6943,2021-06-30,0.1686,0.4811,-0.731680130276729
601328.SH,7.1079,2021-09-30,0.1809,0.4463,-0.8067639073469128
601328.SH,9.5651,2021-12-31,0.1534,0.4449,-0.8099057411701409
601328.SH,2.3949,2022-03-31,0.383,0.4804,-0.7331361887763086
601328.SH,4.5374,2022-06-30,0.2212,0.4569,-0.7832907304129113
601328.SH,6.9112,2022-09-30,0.1781,0.4279,-0.8488657555593659
601328.SH,9.2703,2022-12-31,0.2018,0.4267,-0.8516740887881827
601336.SH,3.4655,2016-03-31,0.9684,2.1883,0.7831249866781772
601336.SH,5.7691,2016-06-30,0.1971,2.2017,0.7892297892369898
601336.SH,8.14,2016-09-30,0.2993,2.2276,0.8009247727333764
601336.SH,8.4513,2016-12-31,0.1527,2.2855,0.826584818789662
601336.SH,3.0434,2017-03-31,0.395,2.2263,0.8003410146620605
601336.SH,5.3575,2017-06-30,0.3888,2.603,0.9566646260124283
601336.SH,8.2165,2017-09-30,0.5085,2.8642,1.052289079062465
601336.SH,8.7647,2017-12-31,0.4923,3.4427,1.2362560472460884
601336.SH,4.0385,2018-03-31,1.0474,2.2532,0.8123514280384219
601336.SH,8.9565,2018-06-30,0.6874,2.0425,0.7141745477520208
601336.SH,11.8196,2018-09-30,0.9454,2.4546,0.8979638151812708
601336.SH,12.2535,2018-12-31,0.3427,1.9782,0.6821873403236033
601336.SH,4.8522,2019-03-31,0.8644,2.5537,0.9375432879076067
601336.SH,14.8336,2019-06-30,0.5534,2.3454,0.8524559630448272
601336.SH,17.8877,2019-09-30,0.3743,2.0465,0.7161310169503206
601336.SH,19.4071,2019-12-31,0.7762,1.9214,0.6530540869935011
601336.SH,5.3866,2020-03-31,0.621,1.4702,0.38539844595785017
601336.SH,9.3591,2020-06-30,0.3383,1.5761,0.4549534411993583
601336.SH,12.4579,2020-09-30,0.7722,2.1243,0.7534423363437008
601336.SH,15.3601,2020-12-31,0.9302,1.9273,0.6561200597228688
601336.SH,6.1383,2021-03-31,0.3914,1.4897,0.3985747574034102
601336.SH,10.1343,2021-06-30,0.4174,1.3802,0.32222841620436443
601336.SH,11.5819,2021-09-30,0.6609,1.1768,0.16279889030509076
601336.SH,14.2241,2021-12-31,0.2397,1.1578,0.14652165266276715
601336.SH,1.2774,2022-03-31,0.4701,1.0158,0.015676479385007616
601336.SH,4.8705,2022-06-30,0.4852,0.9852,-0.01491061273575424
601336.SH,4.9772,2022-09-30,0.2038,0.8042,-0.21790728451896338
601336.SH,9.2932,2022-12-31,0.5441,0.9379,-0.06411194546724429
601398.SH,4.0937,2016-03-31,0.0341,0.8544,-0.1573558107762066
601398.SH,8.2399,2016-06-30,0.0164,0.8871,-0.11979756345559583
601398.SH,11.9403,2016-09-30,0.0097,0.8884,-0.1183331869618647
601398.SH,14.8035,2016-12-31,0.0325,0.8437,-0.169958297810556
601398.SH,3.7869,2017-03-31,0.0483,0.9125,-0.0915671935254905
601398.SH,7.6727,2017-06-30,0.0757,0.9579,-0.04301189059329105
601398.SH,11.2351,2017-09-30,0.051,1.1029,0.09794307432996417
601398.SH,13.963,2017-12-31,0.0804,1.0996,0.09494647730895352
601398.SH,3.6661,2018-03-31,0.0877,1.0598,0.05808021107652473
601398.SH,7.4519,2018-06-30,0.0483,0.9063,-0.09838490192140106
601398.SH,10.9059,2018-09-30,0.0742,1.0214,0.021174235231406564
601398.SH,13.3562,2018-12-31,0.0414,0.8645,-0.1456039738587918
601398.SH,3.4575,2019-03-31,0.1452,0.8847,-0.12250667449279676
601398.SH,7.0807,2019-06-30,0.0579,0.9019,-0.10325162981047453
601398.SH,10.099,2019-09-30,0.0556,0.878,-0.1301086853470204
601398.SH,12.4735,2019-12-31,0.0519,0.8664,-0.14340858329535625
601398.SH,3.1064,2020-03-31,0.0653,0.7431,-0.29692465381871347
601398.SH,5.5036,2020-06-30,0.0792,0.6958,-0.36269301626429545
601398.SH,8.3421,2020-09-30,0.0561,0.6945,-0.3645631167877386
601398.SH,11.3438,2020-12-31,0.115,0.6892,-0.37222377432836246
601398.SH,2.9204,2021-03-31,0.0899,0.7402,-0.30083485903008145
601398.SH,5.5196,2021-06-30,0.0575,0.6696,-0.4010747598068715
601398.SH,8.339,2021-09-30,0.0558,0.6075,-0.49840310376743346
601398.SH,11.3258,2021-12-31,0.0356,0.5857,-0.5349475658864005
601398.SH,2.7487,2022-03-31,0.1067,0.5855,-0.535289095944365
601398.SH,5.2193,2022-06-30,0.0661,0.57,-0.5621189181535413
601398.SH,7.9735,2022-09-30,0.0586,0.5238,-0.6466453469085254
601398.SH,10.6763,2022-12-31,0.1107,0.5062,-0.6808234308711134
601601.SH,1.655,2016-03-31,0.1638,1.7827,0.5781290689756787
601601.SH,4.7193,2016-06-30,0.1033,1.8506,0.6155099108327928
601601.SH,6.6795,2016-09-30,0.1044,2.2099,0.7929472656371223
601601.SH,9.0962,2016-12-31,0.0976,1.9206,0.6526376372217353
601601.SH,1.5122,2017-03-31,0.2083,1.8858,0.6343521340494398
601601.SH,4.9446,2017-06-30,0.274,2.3121,0.8381562024699203
601601.SH,8.1685,2017-09-30,0.2984,2.5447,0.9340127648617715
601601.SH,10.8905,2017-12-31,0.2801,2.765,1.0170406349742982
601601.SH,2.688,2018-03-31,0.7118,2.2362,0.8047779967311307
601601.SH,5.973,2018-06-30,0.2822,2.0384,0.7121651863957073
601601.SH,9.0661,2018-09-30,0.3768,2.4447,0.8939224160121467
601601.SH,12.5536,2018-12-31,0.2359,1.8017,0.5887306636395174
601601.SH,3.5159,2019-03-31,0.8798,2.0623,0.7238218648278643
601601.SH,10.3703,2019-06-30,0.228,2.0412,0.7135378702076792
601601.SH,14.3298,2019-09-30,0.2007,2.0591,0.7222689941319638
601601.SH,16.9151,2019-12-31,0.283,2.0143,0.7002717405022413
601601.SH,4.6043,2020-03-31,0.2718,1.4332,0.3599097064486617
601601.SH,7.5896,2020-06-30,0.2879,1.0909,0.087003043621574
601601.SH,10.3091,2020-09-30,0.2806,1.5172,0.4168665308326069
601601.SH,12.4903,2020-12-31,1.1001,1.8221,0.599989682073696
601601.SH,3.9148,2021-03-31,0.2611,1.6914,0.5255565883659847
601601.SH,7.9786,2021-06-30,0.3042,1.334,0.288181947493432
601601.SH,10.4075,2021-09-30,0.6638,1.1948,0.17797880735981775
601601.SH,12.143,2021-12-31,0.2762,1.182,0.1672079189839064
601601.SH,2.4259,2022-03-31,0.2666,0.9725,-0.027885203489535663
601601.SH,5.8671,2022-06-30,0.336,1.0219,0.02166363963602635
601601.SH,9.0382,2022-09-30,0.2852,0.8628,-0.14757236446713573
601601.SH,10.8127,2022-12-31,0.3294,1.0633,0.06137727967490335
601618.SH,2.2307,2016-03-31,0.3907,1.3254,0.2817143006719893
601618.SH,3.9557,2016-06-30,0.3055,1.3854,0.32598890660636753
601618.SH,5.4624,2016-09-30,0.146,1.2256,0.20343052000418982
601618.SH,8.2005,2016-12-31,0.4018,1.4281,0.35634488947675036
601618.SH,1.958,2017-03-31,0.7858,1.4922,0.4002515410552769
601618.SH,3.6396,2017-06-30,0.2271,1.3534,0.30261994481598803
601618.SH,4.6943,2017-09-30,0.1884,1.3884,0.3281520050054942
601618.SH,7.9208,2017-12-31,0.1305,1.2437,0.21809080767755828
601618.SH,1.9947,2018-03-31,0.1196,0.9545,-0.04656763581633473
601618.SH,3.5102,2018-06-30,0.072,0.8212,-0.1969885938373585
601618.SH,4.5368,2018-09-30,0.0979,0.9052,-0.09959936522275474
601618.SH,7.6562,2018-12-31,0.0764,0.9822,-0.01796032537699287
601618.SH,2.0835,2019-03-31,0.8215,1.1117,0.10589037525743217
601618.SH,3.7133,2019-06-30,0.2465,0.9033,-0.10170055482633922
601618.SH,4.529,2019-09-30,0.1212,0.6831,-0.3811140172443334
601618.SH,7.2567,2019-12-31,0.373,0.8253,-0.19200832238349846
601618.SH,1.961,2020-03-31,0.2434,0.7723,-0.25838220340691886
601618.SH,3.7612,2020-06-30,0.1402,0.7048,-0.34984120436016736
601618.SH,4.9011,2020-09-30,0.226,0.7446,-0.2949081175435205
601618.SH,8.0291,2020-12-31,0.4993,0.7639,-0.26931838843482303
601618.SH,2.1598,2021-03-31,1.9785,0.9158,-0.08795727875914203
601618.SH,4.9599,2021-06-30,0.2204,0.7768,-0.2525723620050218
601618.SH,5.9575,2021-09-30,0.966,1.117,0.11064652008706366
601618.SH,8.1553,2021-12-31,0.4431,0.9758,-0.024497631600400235
601618.SH,2.4663,2022-03-31,0.8128,0.9274,-0.0753703070247766
601618.SH,5.3699,2022-06-30,0.5969,0.8412,-0.17292583515359242
601618.SH,6.1015,2022-09-30,0.2345,0.7084,-0.34474637307345857
601618.SH,8.9871,2022-12-31,0.2108,0.7422,-0.29813653035563986
601628.SH,1.6486,2016-03-31,0.0587,2.0912,0.7377380638878205
601628.SH,3.3241,2016-06-30,0.0279,1.9443,0.6649020151196429
601628.SH,4.2846,2016-09-30,0.0237,1.9975,0.6918963986582927
601628.SH,6.1098,2016-12-31,0.0493,2.2037,0.7901377658735738
601628.SH,2.0072,2017-03-31,0.0418,2.3552,0.85662564955242
601628.SH,3.9992,2017-06-30,0.0955,2.5226,0.9252901156709558
601628.SH,8.5645,2017-09-30,0.0466,2.5408,0.9324789920706795
601628.SH,10.3283,2017-12-31,0.0497,2.6662,0.9806542376974394
601628.SH,4.1196,2018-03-31,0.0406,2.2379,0.8055379261389719
601628.SH,5.1008,2018-06-30,0.0311,1.9644,0.6751868551829524
601628.SH,6.1012,2018-09-30,0.0424,1.9846,0.685417382498004
601628.SH,3.5648,2018-12-31,0.0254,1.7865,0.5802583984813274
601628.SH,7.6265,2019-03-31,0.1247,2.5773,0.9467423393299834
601628.SH,10.949,2019-06-30,0.0397,2.2449,0.8086609767722854
601628.SH,16.3202,2019-09-30,0.0353,2.1537,0.7671872932684101
601628.SH,16.143,2019-12-31,0.0553,2.5871,0.9505375572693382
601628.SH,4.2901,2020-03-31,0.0404,1.8802,0.6313781541623135
601628.SH,7.4506,2020-06-30,0.0815,1.8946,0.639007734459297
601628.SH,11.4647,2020-09-30,0.0947,3.0771,1.1239875949993379
601628.SH,11.7749,2020-12-31,0.1442,2.599,0.9551267556593532
601628.SH,6.2299,2021-03-31,0.0347,1.9984,0.6923468603891761
601628.SH,8.8931,2021-06-30,0.044,2.0479,0.7168148778601295
601628.SH,10.5338,2021-09-30,0.0677,1.7866,0.5803143722856016
601628.SH,10.9668,2021-12-31,0.0277,1.8063,0.5912805541563748
601628.SH,3.2167,2022-03-31,0.0603,1.5497,0.43806136381115224
601628.SH,5.3036,2022-06-30,0.0776,1.8887,0.6358887617196634
601628.SH,6.6772,2022-09-30,0.0534,1.8631,0.6222417670441711
601628.SH,7.0143,2022-12-31,0.0492,2.3138,0.8388911946126515
601668.SH,3.7233,2016-03-31,0.3053,1.1885,0.17269200781811148
601668.SH,9.3582,2016-06-30,0.2614,1.038,0.03729578474369692
601668.SH,13.9832,2016-09-30,0.1476,1.1487,0.13863086816922152
601668.SH,16.6654,2016-12-31,1.4993,1.552,0.43954442176102704
601668.SH,3.6496,2017-03-31,0.7223,1.6115,0.47716542227335546
601668.SH,9.2487,2017-06-30,0.3225,1.6475,0.4992589873945252
601668.SH,12.9655,2017-09-30,0.4085,1.5082,0.4109168867864096
601668.SH,16.2577,2017-12-31,0.3735,1.4076,0.341886126465293
601668.SH,3.6784,2018-03-31,0.3005,1.3514,0.3011410921359371
601668.SH,8.6326,2018-06-30,0.1766,1.0344,0.03382154847551065
601668.SH,12.0714,2018-09-30,0.226,1.0789,0.07594200357515735
601668.SH,16.6732,2018-12-31,0.2745,1.1153,0.10912342701835415
601668.SH,3.5596,2019-03-31,0.5681,1.1974,0.18015253950911464
601668.SH,8.1285,2019-06-30,0.2462,1.0418,0.04094998632895416
601668.SH,11.7871,2019-09-30,0.1508,0.9794,-0.020815139713920003
601668.SH,16.0724,2019-12-31,0.4233,0.9678,-0.032729824622918874
601668.SH,2.8032,2020-03-31,0.3693,0.9076,-0.09695152607645044
601668.SH,7.1499,2020-06-30,0.3212,0.7842,-0.2430911891239058
601668.SH,10.9833,2020-09-30,0.3637,0.7961,-0.22803047288760453
601668.SH,15.5619,2020-12-31,0.5118,0.7454,-0.2938342919369791
601668.SH,3.6006,2021-03-31,0.5605,0.7784,-0.25051474811034175
601668.SH,8.3181,2021-06-30,0.4279,0.6933,-0.3662924730336923
601668.SH,12.0227,2021-09-30,0.4767,0.6577,-0.4190063786748318
601668.SH,15.9571,2021-12-31,0.4449,0.6577,-0.4190063786748318
601668.SH,3.6872,2022-03-31,0.8382,0.7156,-0.3346339273475729
601668.SH,8.1168,2022-06-30,0.576,0.663,-0.4109802887962745
601668.SH,12.1645,2022-09-30,0.5355,0.6199,-0.4781971042742633
601668.SH,13.9931,2022-12-31,0.4364,0.6299,-0.4621942023542537
601688.SH,1.5447,2016-03-31,1.0819,1.5171,0.4168006177719099
601688.SH,3.5608,2016-06-30,0.9187,1.6813,0.5195673037027454
601688.SH,5.9031,2016-09-30,0.2482,1.6316,0.48956112846126626
601688.SH,7.5942,2016-12-31,0.4683,1.5566,0.4425039555431507
601688.SH,1.557,2017-03-31,0.3239,1.4273,0.35578454765358575
601688.SH,3.5559,2017-06-30,0.5072,1.4822,0.39352747053512144
601688.SH,5.529,2017-09-30,1.3014,1.9289,0.6569498922480574
601688.SH,10.8059,2017-12-31,0.384,1.4388,0.36380943283933187
601688.SH,2.1592,2018-03-31,0.6657,1.4139,0.34635184361565774
601688.SH,3.5592,2018-06-30,1.0266,1.2057,0.18706031114112806
601688.SH,4.6284,2018-09-30,1.0053,1.246,0.2199384203652614
601688.SH,5.2774,2018-12-31,0.8227,1.2882,0.25324589513065326
601688.SH,2.647,2019-03-31,3.3446,1.782,0.5777363290486176
601688.SH,3.6845,2019-06-30,0.9145,1.7128,0.538129458293336
601688.SH,5.7676,2019-09-30,0.5723,1.5186,0.41778885779699626
601688.SH,7.9685,2019-12-31,1.7095,1.5369,0.42976740063112917
601688.SH,2.332,2020-03-31,0.7004,1.2763,0.243965267006508
601688.SH,5.1738,2020-06-30,1.2573,1.3635,0.3100549233035061
601688.SH,7.0817,2020-09-30,0.558,1.4901,0.39884323179927744
601688.SH,8.6026,2020-12-31,2.0119,1.2862,0.2516921347186257
601688.SH,2.535,2021-03-31,0.5743,1.1927,0.17621964460248637
601688.SH,5.9338,2021-06-30,0.578,1.0865,0.0829615207143473
601688.SH,8.2352,2021-09-30,1.069,1.161,0.14928170271575447
601688.SH,9.619,2021-12-31,0.8416,1.1831,0.1681381122774801
601688.SH,1.4681,2022-03-31,0.5822,0.9757,-0.02460011686823269
601688.SH,3.5728,2022-06-30,0.87,0.9171,-0.08653876141723851
601688.SH,5.0963,2022-09-30,0.3145,0.787,-0.2395270305647338
601688.SH,7.0509,2022-12-31,0.2897,0.8096,-0.21121498044893597
601788.SH,1.484,2016-03-31,3.1358,1.8432,0.611503191519435
601788.SH,3.8398,2016-06-30,1.1168,1.7603,0.5654842490697896
601788.SH,5.4739,2016-09-30,0.201,1.5466,0.43605897319279796
601788.SH,6.8729,2016-12-31,0.2952,1.5785,0.4564750290159093
601788.SH,1.234,2017-03-31,0.3346,1.4967,0.40326268455296427
601788.SH,2.6041,2017-06-30,0.1443,1.4349,0.3610951603722239
601788.SH,4.7236,2017-09-30,0.3249,1.4965,0.4031290483106165
601788.SH,6.2993,2017-12-31,0.3184,1.2662,0.23602028912788908
601788.SH,1.492,2018-03-31,0.2476,1.1694,0.15649079675943306
601788.SH,1.9955,2018-06-30,0.3471,1.0233,0.023032699110572777
601788.SH,2.4173,2018-09-30,0.2162,0.9202,-0.08316424126076881
601788.SH,0.2158,2018-12-31,0.6936,0.8289,-0.18765575838465656
601788.SH,2.7451,2019-03-31,2.3351,1.2855,0.25114774772380716
601788.SH,3.3608,2019-06-30,0.5796,1.0797,0.07668322477095776
601788.SH,4.7024,2019-09-30,0.4398,1.0863,0.08277742645756819
601788.SH,1.2001,2019-12-31,0.7513,1.2271,0.2046536620003651
601788.SH,2.3019,2020-03-31,0.2911,1.07,0.06765864847381486
601788.SH,4.4462,2020-06-30,5.502,1.5281,0.42402513362907446
601788.SH,6.6236,2020-09-30,1.2494,2.0507,0.7181811982795869
601788.SH,4.6731,2020-12-31,2.1332,1.6909,0.5252609315622464
601788.SH,1.3216,2021-03-31,2.1351,1.4852,0.395549443320788
601788.SH,4.1494,2021-06-30,1.6372,1.618,0.4811908186363
601788.SH,5.9188,2021-09-30,0.4094,1.3879,0.32779181337965696
601788.SH,6.3171,2021-12-31,0.4034,1.3084,0.2688050166820918
601788.SH,1.1018,2022-03-31,0.4015,1.0867,0.08314558108666886
601788.SH,3.4852,2022-06-30,3.6795,1.3571,0.30535007010518794
601788.SH,5.5752,2022-09-30,0.6896,1.1317,0.12372092698975878
601788.SH,5.2335,2022-12-31,0.6137,1.2508,0.22378334660154908
601800.SH,1.5619,2016-03-31,0.1596,1.544,0.4343764516025844
601800.SH,4.7309,2016-06-30,0.1164,1.3057,0.26673929543185587
601800.SH,7.4344,2016-09-30,0.057,1.3711,0.3156133373804722
601800.SH,10.911,2016-12-31,0.4004,1.7354,0.5512379343772523
601800.SH,1.9408,2017-03-31,0.1549,2.0657,0.72546915202207
601800.SH,4.5981,2017-06-30,0.134,1.7561,0.5630954411996718
601800.SH,7.0407,2017-09-30,0.1167,1.6106,0.4766067803793075
601800.SH,12.0731,2017-12-31,0.0451,1.3019,0.26382473592121436
601800.SH,1.8826,2018-03-31,0.0731,1.2461,0.2200186739666848
601800.SH,4.507,2018-06-30,0.0427,1.0895,0.08571887540253743
601800.SH,6.9548,2018-09-30,0.2347,1.2375,0.21309321546070834
601800.SH,10.4006,2018-12-31,0.1555,1.0767,0.07390080783953422
601800.SH,1.9605,2019-03-31,0.3313,1.1962,0.17914986562831953
601800.SH,4.2552,2019-06-30,0.0935,1.0208,0.020586633608388312
601800.SH,6.5,2019-09-30,0.0665,0.871,-0.13811330212963427
601800.SH,9.4108,2019-12-31,0.5538,0.7844,-0.24283618465994586
601800.SH,1.0176,2020-03-31,0.8062,0.7073,-0.3463003749401928
601800.SH,2.2357,2020-06-30,0.2178,0.5606,-0.5787476402514491
601800.SH,4.3722,2020-09-30,0.0992,0.6081,-0.49741593685607305
601800.SH,6.8204,2020-12-31,0.1641,0.5777,-0.5487005761949172
601800.SH,1.743,2021-03-31,0.4329,0.5444,-0.6080710082048261
601800.SH,3.9251,2021-06-30,0.113,0.4217,-0.8634611182296228
601800.SH,5.9514,2021-09-30,0.7461,0.6087,-0.49642974348225827
601800.SH,7.1201,2021-12-31,0.5199,0.6237,-0.47208579545006
601800.SH,1.9342,2022-03-31,0.5788,0.6748,-0.3933389283103239
601800.SH,4.1522,2022-06-30,0.6773,0.6607,-0.4144553999462971
601800.SH,5.838,2022-09-30,0.1571,0.4943,-0.7046126586692234
601800.SH,7.0452,2022-12-31,0.3819,0.5503,-0.5972916949164239
601857.SH,-1.1736,2016-03-31,0.0288,1.1804,0.1658533640866472
601857.SH,0.0447,2016-06-30,0.0102,1.136,0.1275133202989595
601857.SH,0.146,2016-09-30,0.0087,1.121,0.11422114409002286
601857.SH,0.6669,2016-12-31,0.015,1.2308,0.20766436446574962
601857.SH,0.4775,2017-03-31,0.0227,1.2111,0.1915290375448678
601857.SH,1.0618,2017-06-30,0.0109,1.1786,0.16432729342167599
601857.SH,1.4574,2017-09-30,0.0105,1.2337,0.21001778409528188
601857.SH,1.9129,2017-12-31,0.0147,1.2408,0.21575633288019191
601857.SH,0.8476,2018-03-31,0.0188,1.1713,0.15811424309369193
601857.SH,2.255,2018-06-30,0.0236,1.1859,0.17050197998861244
601857.SH,3.9909,2018-09-30,0.0265,1.4077,0.3419571668517825
601857.SH,4.3668,2018-12-31,0.0208,1.0836,0.0802888312288029
601857.SH,0.84,2019-03-31,0.0543,1.1452,0.13557929424182294
601857.SH,2.328,2019-06-30,0.0363,1.0409,0.04008572353928558
601857.SH,3.0558,2019-09-30,0.0518,0.9342,-0.06806473091412937
601857.SH,3.7364,2019-12-31,0.0245,0.8706,-0.13857264986393986
601857.SH,-1.3291,2020-03-31,0.1134,0.6872,-0.3751299083120914
601857.SH,-2.4788,2020-06-30,0.0296,0.6388,-0.4481638626412796
601857.SH,0.8246,2020-09-30,0.0379,0.6479,-0.4340189155262254
601857.SH,1.5538,2020-12-31,0.0378,0.6274,-0.46617098322555933
601857.SH,2.2559,2021-03-31,0.0452,0.6475,-0.4346364854084443
601857.SH,4.2994,2021-06-30,0.0643,0.7897,-0.23610215247860183
601857.SH,6.1042,2021-09-30,0.2048,0.8958,-0.11003810520893731
601857.SH,7.4346,2021-12-31,0.046,0.7213,-0.32670013947251003
601857.SH,3.0421,2022-03-31,0.0991,0.8109,-0.2096105370316255
601857.SH,6.3408,2022-06-30,0.0759,0.754,-0.282362910974181
601857.SH,9.2263,2022-09-30,0.0506,0.7235,-0.32365473291059843
601857.SH,11.3447,2022-12-31,0.0455,0.6772,-0.3897886287231568
601888.SH,6.0418,2016-03-31,0.3982,3.9554,1.3750817339057875
601888.SH,9.6285,2016-06-30,0.2154,3.7676,1.3264381939665248
601888.SH,12.5115,2016-09-30,0.2836,3.7268,1.3155499565941327
601888.SH,15.2074,2016-12-31,0.4858,3.4818,1.2475494014424804
601888.SH,5.5489,2017-03-31,0.7087,4.4177,1.48561919866337
601888.SH,10.2068,2017-06-30,0.5095,4.7795,1.5643359385216802
601888.SH,14.6521,2017-09-30,0.3516,5.2293,1.6542774259067925
601888.SH,19.0051,2017-12-31,0.3195,6.3014,1.8407718309320085
601888.SH,7.9654,2018-03-31,0.622,7.3618,1.9963044680569784
601888.SH,13.2419,2018-06-30,0.608,8.936,2.1900880617668994
601888.SH,18.1018,2018-09-30,0.4589,8.882,2.1840267568699105
601888.SH,20.4487,2018-12-31,0.4755,7.4129,2.003221725768405
601888.SH,13.2768,2019-03-31,0.9389,8.3959,2.127743491453917
601888.SH,18.8929,2019-06-30,0.3174,9.9336,2.295922950120495
601888.SH,23.4961,2019-09-30,0.2916,9.8329,2.2857339059100403
601888.SH,25.6276,2019-12-31,0.297,8.9164,2.1878922776846403
601888.SH,-0.6047,2020-03-31,0.5707,6.5922,1.885887131952753
601888.SH,4.9575,2020-06-30,1.4971,15.1491,2.7179411242501814
601888.SH,16.0034,2020-09-30,0.4514,24.6622,3.2052717070578205
601888.SH,29.1011,2020-12-31,0.7574,28.0598,3.334337947065164
601888.SH,11.9954,2021-03-31,0.5606,26.8168,3.28902855679024
601888.SH,22.3599,2021-06-30,0.3485,25.2141,3.2274033618518194
601888.SH,33.2373,2021-09-30,0.8688,19.8094,2.986156572518309
601888.SH,37.1823,2021-12-31,0.316,14.8822,2.7001658679386566
601888.SH,8.3089,2022-03-31,0.4229,10.8437,2.3835842661854936
601888.SH,12.9555,2022-06-30,1.2811,14.1741,2.651416355534617
601888.SH,11.8983,2022-09-30,0.4148,8.74,2.167910189667444
601888.SH,12.8667,2022-12-31,0.4495,9.2772,2.227559777132292
601939.SH,4.6329,2016-03-31,2.2144,0.8573,-0.15396736329742686
601939.SH,9.11,2016-06-30,1.3609,0.8442,-0.16936584563373874
601939.SH,12.9507,2016-09-30,0.337,0.8779,-0.13022258704997397
601939.SH,15.3767,2016-12-31,0.9751,0.8833,-0.12409038523105055
601939.SH,4.3568,2017-03-31,0.8467,0.9539,-0.047196434830974694
601939.SH,8.6328,2017-06-30,0.9717,0.9931,-0.006923915072824198
601939.SH,12.3135,2017-09-30,0.3988,1.0832,0.07991962317587345
601939.SH,14.4365,2017-12-31,1.153,1.148,0.1380212978973746
601939.SH,4.0814,2018-03-31,1.4304,1.1397,0.13076506987955247
601939.SH,8.1051,2018-06-30,0.9604,0.9316,-0.07085174097195114
601939.SH,11.5675,2018-09-30,1.391,1.0673,0.06513209493778215
601939.SH,13.5591,2018-12-31,0.6986,0.8644,-0.1457196543494062
601939.SH,3.8176,2019-03-31,2.0239,0.916,-0.08773891430800675
601939.SH,7.6479,2019-06-30,0.6827,0.9425,-0.059219359659971216
601939.SH,10.959,2019-09-30,0.4024,0.92,-0.08338160893905101
601939.SH,12.7236,2019-12-31,0.5991,0.879,-0.12897038129696006
601939.SH,3.5679,2020-03-31,1.0318,0.756,-0.27971390280260405
601939.SH,6.1204,2020-06-30,0.7569,0.7182,-0.33100719719015465
601939.SH,9.0703,2020-09-30,0.6087,0.7387,-0.3028633944474449
601939.SH,11.8335,2020-12-31,1.902,0.7128,-0.3385544028255375
601939.SH,3.4562,2021-03-31,1.0884,0.8114,-0.2089941282097902
601939.SH,6.3851,2021-06-30,0.6455,0.709,-0.34389975245000964
601939.SH,9.5002,2021-09-30,0.6045,0.6387,-0.44832041841459347
601939.SH,12.2152,2021-12-31,0.5117,0.6048,-0.5028574541168138
601939.SH,3.3732,2022-03-31,1.3868,0.632,-0.4588658848352796
601939.SH,6.1608,2022-06-30,0.7961,0.5888,-0.5296687115674705
601939.SH,9.1936,2022-09-30,0.3566,0.5392,-0.6176687193840398
601939.SH,11.8958,2022-12-31,0.42,0.5309,-0.6331815993925112
601985.SH,2.6503,2016-03-31,2.4243,3.2197,1.1692881875140735
601985.SH,6.4292,2016-06-30,1.0861,2.7539,1.0130180888265845
601985.SH,9.6982,2016-09-30,0.5521,2.5778,0.946936321988542
601985.SH,11.4694,2016-12-31,1.1478,2.749,1.0112372091831086
601985.SH,2.942,2017-03-31,1.0234,2.8268,1.039145329834562
601985.SH,6.1914,2017-06-30,0.895,2.9008,1.0649865610184495
601985.SH,9.794,2017-09-30,0.3107,2.7951,1.0278678841423519
601985.SH,10.6908,2017-12-31,0.3849,2.6525,0.975502591506001
601985.SH,2.7715,2018-03-31,0.3003,2.4078,0.8787134675187889
601985.SH,5.7678,2018-06-30,0.1105,1.977,0.6815805441884799
601985.SH,8.5388,2018-09-30,0.0795,2.1123,0.7477774012110601
601985.SH,10.5387,2018-12-31,0.0928,1.8015,0.5886196512060109
601985.SH,2.9479,2019-03-31,0.266,2.0681,0.7266303113764935
601985.SH,5.4886,2019-06-30,0.1518,1.8139,0.5954792233817867
601985.SH,7.7065,2019-09-30,0.0788,1.8197,0.59867165233706
601985.SH,9.5614,2019-12-31,0.1726,1.6197,0.48224094691021385
601985.SH,2.0483,2020-03-31,0.0829,1.4253,0.3543823178788483
601985.SH,5.8686,2020-06-30,0.1114,1.273,0.2413763195752694
601985.SH,9.0592,2020-09-30,0.115,1.3614,0.3085135820317139
601985.SH,9.9496,2020-12-31,0.3234,1.4678,0.3837646811288254
601985.SH,2.5083,2021-03-31,0.5847,1.6062,0.4738711407722248
601985.SH,6.259,2021-06-30,0.1103,1.4281,0.35634488947675036
601985.SH,8.9667,2021-09-30,2.1708,2.0177,0.7019582488384952
601985.SH,10.9671,2021-12-31,1.0697,2.2514,0.8115522449385665
601985.SH,3.5462,2022-03-31,0.8561,2.1087,0.7460716438678322
601985.SH,6.6107,2022-06-30,0.7386,1.6677,0.5114454316453964
601985.SH,9.6234,2022-09-30,0.2381,1.3893,0.32880002317267887
601988.SH,3.5143,2016-03-31,0.0494,0.8305,-0.18572734992878748
601988.SH,7.0132,2016-06-30,0.0517,0.7895,-0.2363554452864403
601988.SH,10.0064,2016-09-30,0.0265,0.7946,-0.22991643560163852
601988.SH,12.1163,2016-12-31,0.0383,0.7851,-0.24194418077792718
601988.SH,3.2586,2017-03-31,0.0944,0.8444,-0.16912896300797148
601988.SH,7.2433,2017-06-30,0.0719,0.8058,-0.2159197062248902
601988.SH,10.0595,2017-09-30,0.0457,0.8973,-0.10836502467812503
601988.SH,11.8587,2017-12-31,0.0923,0.846,-0.1672359193759138
601988.SH,3.2664,2018-03-31,0.1492,0.8286,-0.1880177493388356
601988.SH,7.2172,2018-06-30,0.0372,0.7566,-0.2789205667832081
601988.SH,9.9701,2018-09-30,0.0942,0.7962,-0.22790486841592023
601988.SH,11.5848,2018-12-31,0.0517,0.7186,-0.33045040430271866
601988.SH,3.0734,2019-03-31,0.085,0.7504,-0.28714888129012217
601988.SH,6.702,2019-06-30,0.0355,0.7105,-0.3417863314449817
601988.SH,9.1731,2019-09-30,0.036,0.668,-0.40346710544549125
601988.SH,10.818,2019-12-31,0.0352,0.6678,-0.403766551472583
601988.SH,2.7812,2020-03-31,0.033,0.6202,-0.47771327231578853
601988.SH,5.2973,2020-06-30,0.0321,0.599,-0.5124936808666878
601988.SH,7.607,2020-09-30,0.0464,0.5735,-0.5559973424127116
601988.SH,9.9159,2020-12-31,0.0526,0.5443,-0.6082547135419827
601988.SH,2.6348,2021-03-31,0.1592,0.56,-0.579818495252942
601988.SH,5.445,2021-06-30,0.0288,0.5175,-0.6587457538426129
601988.SH,7.7888,2021-09-30,0.0535,0.4972,-0.698762919345581
601988.SH,10.1586,2021-12-31,0.0357,0.4825,-0.7287743582030964
601988.SH,2.5697,2022-03-31,0.1673,0.5052,-0.682800888505801
601988.SH,5.2825,2022-06-30,0.063,0.4921,-0.7090733311102045
601988.SH,7.5131,2022-09-30,0.0607,0.4675,-0.7603559302533953
601988.SH,9.7766,2022-12-31,0.0579,0.4622,-0.7717575811418567
601998.SH,3.4656,2016-03-31,0.1501,0.9348,-0.0674226763174342
601998.SH,7.2877,2016-06-30,0.0753,0.8443,-0.16924739730668276
601998.SH,10.4692,2016-09-30,0.0741,0.9157,-0.08806647886845063
601998.SH,11.9458,2016-12-31,0.0698,0.9167,-0.08697501401440717
601998.SH,2.9693,2017-03-31,0.1095,0.9538,-0.0473012731180131
601998.SH,6.2639,2017-06-30,0.0771,0.8721,-0.13685118274919714
601998.SH,8.9627,2017-09-30,0.0596,0.8747,-0.1338743085563278
601998.SH,10.9303,2017-12-31,0.0323,0.8405,-0.17375832613346673
601998.SH,3.0174,2018-03-31,0.0673,0.8655,-0.14444790436587307
601998.SH,6.346,2018-06-30,0.0569,0.8173,-0.201749054460053
601998.SH,8.9341,2018-09-30,0.0952,0.8164,-0.20285084804644732
601998.SH,10.6452,2018-12-31,0.0611,0.6853,-0.37789858039035906
601998.SH,2.97,2019-03-31,0.2318,0.7662,-0.26631204671558845
601998.SH,6.335,2019-06-30,0.0438,0.6983,-0.35910646913014743
601998.SH,8.9815,2019-09-30,0.0501,0.677,-0.390084006069862
601998.SH,10.0663,2019-12-31,0.0479,0.6977,-0.3599660680369462
601998.SH,2.7418,2020-03-31,0.049,0.5771,-0.5497397172652163
601998.SH,4.8734,2020-06-30,0.1996,0.5492,-0.5992926050883209
601998.SH,7.0228,2020-09-30,0.0357,0.5458,-0.605502670707899
601998.SH,9.2251,2020-12-31,0.0656,0.5484,-0.6007503312939777
601998.SH,2.8317,2021-03-31,0.0776,0.5717,-0.5591409007122115
601998.SH,5.0697,2021-06-30,0.0368,0.5177,-0.6583593550742812
601998.SH,7.2097,2021-09-30,0.0406,0.4624,-0.7713249616239694
601998.SH,9.5042,2021-12-31,0.0356,0.4561,-0.7850431952644823
601998.SH,2.7393,2022-03-31,0.1891,0.4901,-0.7131458270666352
601998.SH,5.1327,2022-06-30,0.0667,0.445,-0.8096809968158968
601998.SH,7.3369,2022-09-30,0.0491,0.4267,-0.8516740887881827
601998.SH,9.6155,2022-12-31,0.0635,0.4516,-0.7949584467066301
