ts_code,end_date,roe
000001.SZ,2016-03-31,3.487
000001.SZ,2016-06-30,6.9604
000001.SZ,2016-09-30,10.4073
000001.SZ,2016-12-31,12.4283
000001.SZ,2017-03-31,3.0319
000001.SZ,2017-06-30,6.0702
000001.SZ,2017-09-30,9.1144
000001.SZ,2017-12-31,10.9324
000001.SZ,2018-03-31,2.9611
000001.SZ,2018-06-30,5.9405
000001.SZ,2018-09-30,8.9467
000001.SZ,2018-12-31,10.7415
000001.SZ,2019-03-31,3.0331
000001.SZ,2019-06-30,6.2028
000001.SZ,2019-09-30,8.9454
000001.SZ,2019-12-31,10.1966
000001.SZ,2020-03-31,2.5695
000001.SZ,2020-06-30,4.1175
000001.SZ,2020-09-30,6.6685
000001.SZ,2020-12-31,8.5445
000001.SZ,2021-03-31,2.7505
000001.SZ,2021-06-30,4.7437
000001.SZ,2021-09-30,7.7385
000001.SZ,2021-12-31,9.5674
000001.SZ,2022-03-31,3.206
000001.SZ,2022-06-30,5.4704
000001.SZ,2022-09-30,8.9322
000001.SZ,2022-12-31,10.966
000069.SZ,2016-03-31,1.572
000069.SZ,2016-06-30,4.1274
000069.SZ,2016-09-30,7.5009
000069.SZ,2016-12-31,16.8415
000069.SZ,2017-03-31,1.7143
000069.SZ,2017-06-30,3.9025
000069.SZ,2017-09-30,10.317
000069.SZ,2017-12-31,18.0508
000069.SZ,2018-03-31,2.1175
000069.SZ,2018-06-30,3.8033
000069.SZ,2018-09-30,9.6044
000069.SZ,2018-12-31,19.0496
000069.SZ,2019-03-31,1.9895
000069.SZ,2019-06-30,4.7226
000069.SZ,2019-09-30,9.8759
000069.SZ,2019-12-31,19.3176
000069.SZ,2020-03-31,1.2309
000069.SZ,2020-06-30,3.1527
000069.SZ,2020-09-30,7.552
000069.SZ,2020-12-31,17.255
000069.SZ,2021-03-31,1.1452
000069.SZ,2021-06-30,2.0152
000069.SZ,2021-09-30,4.2961
000069.SZ,2021-12-31,4.7608
000069.SZ,2022-03-31,0.2167
000069.SZ,2022-06-30,0.1307
000069.SZ,2022-09-30,0.1564
000069.SZ,2022-12-31,-14.5344
000157.SZ,2016-03-31,-1.6668
000157.SZ,2016-06-30,-2.1646
000157.SZ,2016-09-30,-2.0754
000157.SZ,2016-12-31,-2.4331
000157.SZ,2017-03-31,0.2293
000157.SZ,2017-06-30,3.0596
000157.SZ,2017-09-30,3.4595
000157.SZ,2017-12-31,3.5808
000157.SZ,2018-03-31,0.9961
000157.SZ,2018-06-30,2.3182
000157.SZ,2018-09-30,3.471
000157.SZ,2018-12-31,5.3309
000157.SZ,2019-03-31,2.5903
000157.SZ,2019-06-30,6.8508
000157.SZ,2019-09-30,9.1518
000157.SZ,2019-12-31,11.3449
000157.SZ,2020-03-31,2.6003
000157.SZ,2020-06-30,9.6623
000157.SZ,2020-09-30,13.3524
000157.SZ,2020-12-31,17.0095
000157.SZ,2021-03-31,4.7299
000157.SZ,2021-06-30,9.4989
000157.SZ,2021-09-30,11.1591
000157.SZ,2021-12-31,12.1024
000157.SZ,2022-03-31,1.5812
000157.SZ,2022-06-30,3.0673
000157.SZ,2022-09-30,3.917
000157.SZ,2022-12-31,4.1324
000725.SZ,2016-03-31,0.1397
000725.SZ,2016-06-30,-0.6704
000725.SZ,2016-09-30,0.1819
000725.SZ,2016-12-31,2.4107
000725.SZ,2017-03-31,3.0224
000725.SZ,2017-06-30,5.3611
000725.SZ,2017-09-30,7.9737
000725.SZ,2017-12-31,9.2565
000725.SZ,2018-03-31,2.3552
000725.SZ,2018-06-30,3.4946
000725.SZ,2018-09-30,3.9607
000725.SZ,2018-12-31,4.0255
000725.SZ,2019-03-31,1.2164
000725.SZ,2019-06-30,1.9358
000725.SZ,2019-09-30,2.146
000725.SZ,2019-12-31,2.121
000725.SZ,2020-03-31,0.5821
000725.SZ,2020-06-30,1.1543
000725.SZ,2020-09-30,2.5242
000725.SZ,2020-12-31,5.0779
000725.SZ,2021-03-31,4.8062
000725.SZ,2021-06-30,12.0035
000725.SZ,2021-09-30,16.5278
000725.SZ,2021-12-31,20.9698
000725.SZ,2022-03-31,3.0019
000725.SZ,2022-06-30,4.6059
000725.SZ,2022-09-30,3.8287
000725.SZ,2022-12-31,5.4094
000768.SZ,2016-03-31,-0.392
000768.SZ,2016-06-30,0.5306
000768.SZ,2016-09-30,0.7783
000768.SZ,2016-12-31,2.6987
000768.SZ,2017-03-31,-0.573
000768.SZ,2017-06-30,0.5967
000768.SZ,2017-09-30,0.8258
000768.SZ,2017-12-31,3.0336
000768.SZ,2018-03-31,0.1717
000768.SZ,2018-06-30,1.0365
000768.SZ,2018-09-30,1.4783
000768.SZ,2018-12-31,3.5137
000768.SZ,2019-03-31,0.2442
000768.SZ,2019-06-30,1.3912
000768.SZ,2019-09-30,2.1167
000768.SZ,2019-12-31,3.4902
000768.SZ,2020-03-31,0.2648
000768.SZ,2020-06-30,1.4079
000768.SZ,2020-09-30,2.7371
000768.SZ,2020-12-31,4.8807
000768.SZ,2021-03-31,0.8796
000768.SZ,2021-06-30,2.1848
000768.SZ,2021-09-30,3.9207
000768.SZ,2021-12-31,4.2059
000768.SZ,2022-03-31,0.9767
000768.SZ,2022-06-30,3.0407
000768.SZ,2022-09-30,4.1117
000768.SZ,2022-12-31,3.2837
000776.SZ,2016-03-31,2.327
000776.SZ,2016-06-30,5.3342
000776.SZ,2016-09-30,8.0467
000776.SZ,2016-12-31,10.2917
000776.SZ,2017-03-31,2.6739
000776.SZ,2017-06-30,5.4003
000776.SZ,2017-09-30,7.8543
000776.SZ,2017-12-31,10.5217
000776.SZ,2018-03-31,1.7856
000776.SZ,2018-06-30,3.3833
000776.SZ,2018-09-30,4.8185
000776.SZ,2018-12-31,5.0628
000776.SZ,2019-03-31,3.3592
000776.SZ,2019-06-30,4.7333
000776.SZ,2019-09-30,6.3655
000776.SZ,2019-12-31,8.5547
000776.SZ,2020-03-31,2.2462
000776.SZ,2020-06-30,6.2117
000776.SZ,2020-09-30,8.688
000776.SZ,2020-12-31,10.6001
000776.SZ,2021-03-31,2.56
000776.SZ,2021-06-30,5.9358
000776.SZ,2021-09-30,8.5442
000776.SZ,2021-12-31,10.6004
000776.SZ,2022-03-31,1.216
000776.SZ,2022-06-30,3.8864
000776.SZ,2022-09-30,4.6581
000776.SZ,2022-12-31,6.9932
000858.SZ,2016-03-31,6.483
000858.SZ,2016-06-30,8.8833
000858.SZ,2016-09-30,11.4995
000858.SZ,2016-12-31,15.0091
000858.SZ,2017-03-31,7.3519
000858.SZ,2017-06-30,10.3888
000858.SZ,2017-09-30,14.2572
000858.SZ,2017-12-31,19.2683
000858.SZ,2018-03-31,8.9055
000858.SZ,2018-06-30,12.8637
000858.SZ,2018-09-30,16.8145
000858.SZ,2018-12-31,22.914
000858.SZ,2019-03-31,9.7042
000858.SZ,2019-06-30,14.3945
000858.SZ,2019-09-30,18.8739
000858.SZ,2019-12-31,25.2612
000858.SZ,2020-03-31,9.8592
000858.SZ,2020-06-30,14.3878
000858.SZ,2020-09-30,18.8184
000858.SZ,2020-12-31,24.944
000858.SZ,2021-03-31,10.3174
000858.SZ,2021-06-30,15.1209
000858.SZ,2021-09-30,19.3901
000858.SZ,2021-12-31,25.3034
000858.SZ,2022-03-31,10.3588
000858.SZ,2022-06-30,14.9864
000858.SZ,2022-09-30,19.3702
000963.SZ,2016-03-31,8.8333
000963.SZ,2016-06-30,17.1012
000963.SZ,2016-09-30,23.9103
000963.SZ,2016-12-31,28.2273
000963.SZ,2017-03-31,7.205
000963.SZ,2017-06-30,13.9395
000963.SZ,2017-09-30,19.3528
000963.SZ,2017-12-31,22.7097
000963.SZ,2018-03-31,7.5571
000963.SZ,2018-06-30,14.8836
000963.SZ,2018-09-30,20.2181
000963.SZ,2018-12-31,24.736
000963.SZ,2019-03-31,8.7464
000963.SZ,2019-06-30,15.2168
000963.SZ,2019-09-30,20.492
000963.SZ,2019-12-31,25.2892
000963.SZ,2020-03-31,8.8966
000963.SZ,2020-06-30,13.3689
000963.SZ,2020-09-30,18.0209
000963.SZ,2020-12-31,20.9427
000963.SZ,2021-03-31,5.0751
000963.SZ,2021-06-30,8.6152
000963.SZ,2021-09-30,12.2796
000963.SZ,2021-12-31,14.7544
000963.SZ,2022-03-31,4.1619
000963.SZ,2022-06-30,7.9025
000963.SZ,2022-09-30,11.4377
000963.SZ,2022-12-31,14.2173
002007.SZ,2016-03-31,5.1223
002007.SZ,2016-06-30,10.9391
002007.SZ,2016-09-30,15.7684
002007.SZ,2016-12-31,19.8153
002007.SZ,2017-03-31,5.8757
002007.SZ,2017-06-30,10.1501
002007.SZ,2017-09-30,14.2602
002007.SZ,2017-12-31,18.4774
002007.SZ,2018-03-31,4.3464
002007.SZ,2018-06-30,9.5275
002007.SZ,2018-09-30,15.4797
002007.SZ,2018-12-31,22.3567
002007.SZ,2019-03-31,4.5453
002007.SZ,2019-06-30,8.979
002007.SZ,2019-09-30,16.4053
002007.SZ,2019-12-31,21.2662
002007.SZ,2020-03-31,3.7082
002007.SZ,2020-06-30,7.8438
002007.SZ,2020-09-30,14.2801
002007.SZ,2020-12-31,22.927
002007.SZ,2021-03-31,3.2917
002007.SZ,2021-06-30,6.0882
002007.SZ,2021-09-30,13.5288
002007.SZ,2021-12-31,16.3739
002007.SZ,2022-03-31,2.5628
002007.SZ,2022-06-30,6.3934
002007.SZ,2022-09-30,9.7075
002007.SZ,2022-12-31,11.489
002008.SZ,2016-03-31,2.4049
002008.SZ,2016-06-30,8.275
002008.SZ,2016-09-30,12.7685
002008.SZ,2016-12-31,15.0155
002008.SZ,2017-03-31,2.79
002008.SZ,2017-06-30,16.026
002008.SZ,2017-09-30,24.623
002008.SZ,2017-12-31,27.1007
002008.SZ,2018-03-31,4.9138
002008.SZ,2018-06-30,13.4021
002008.SZ,2018-09-30,21.0662
002008.SZ,2018-12-31,22.4523
002008.SZ,2019-03-31,1.9064
002008.SZ,2019-06-30,4.5109
002008.SZ,2019-09-30,7.0382
002008.SZ,2019-12-31,7.486
002008.SZ,2020-03-31,1.2078
002008.SZ,2020-06-30,6.7931
002008.SZ,2020-09-30,10.9915
002008.SZ,2020-12-31,10.5389
002008.SZ,2021-03-31,3.3147
002008.SZ,2021-06-30,8.7429
002008.SZ,2021-09-30,14.35
002008.SZ,2021-12-31,18.6691
002008.SZ,2022-03-31,2.5648
002008.SZ,2022-06-30,4.9066
002008.SZ,2022-09-30,7.7345
002008.SZ,2022-12-31,9.4055
002241.SZ,2016-03-31,2.0737
002241.SZ,2016-06-30,4.9572
002241.SZ,2016-09-30,10.5264
002241.SZ,2016-12-31,16.3108
002241.SZ,2017-03-31,2.7111
002241.SZ,2017-06-30,5.8595
002241.SZ,2017-09-30,11.0421
002241.SZ,2017-12-31,16.6219
002241.SZ,2018-03-31,1.2272
002241.SZ,2018-06-30,2.9766
002241.SZ,2018-09-30,5.6502
002241.SZ,2018-12-31,5.7664
002241.SZ,2019-03-31,1.3272
002241.SZ,2019-06-30,3.4209
002241.SZ,2019-09-30,6.3326
002241.SZ,2019-12-31,8.1802
002241.SZ,2020-03-31,1.8368
002241.SZ,2020-06-30,4.781
002241.SZ,2020-09-30,11.869
002241.SZ,2020-12-31,15.9283
002241.SZ,2021-03-31,4.4684
002241.SZ,2021-06-30,7.8801
002241.SZ,2021-09-30,14.5209
002241.SZ,2021-12-31,18.1976
002241.SZ,2022-03-31,3.2336
002241.SZ,2022-06-30,7.3196
002241.SZ,2022-09-30,13.0337
002241.SZ,2022-12-31,6.157
002304.SZ,2016-03-31,10.1634
002304.SZ,2016-06-30,14.699
002304.SZ,2016-09-30,20.1627
002304.SZ,2016-12-31,23.7893
002304.SZ,2017-03-31,10.0019
002304.SZ,2017-06-30,14.7903
002304.SZ,2017-09-30,20.4748
002304.SZ,2017-12-31,23.8525
002304.SZ,2018-03-31,11.1235
002304.SZ,2018-06-30,16.6566
002304.SZ,2018-09-30,22.6605
002304.SZ,2018-12-31,25.6974
002304.SZ,2019-03-31,11.2517
002304.SZ,2019-06-30,16.3314
002304.SZ,2019-09-30,20.4417
002304.SZ,2019-12-31,21.0477
002304.SZ,2020-03-31,10.4611
002304.SZ,2020-06-30,14.7461
002304.SZ,2020-09-30,19.2403
002304.SZ,2020-12-31,19.9544
002304.SZ,2021-03-31,9.5571
002304.SZ,2021-06-30,14.4912
002304.SZ,2021-09-30,17.8911
002304.SZ,2021-12-31,18.5442
002304.SZ,2022-03-31,11.0796
002304.SZ,2022-06-30,15.7729
002304.SZ,2022-09-30,20.2458
002594.SZ,2016-03-31,2.6018
002594.SZ,2016-06-30,6.7329
002594.SZ,2016-09-30,8.8439
002594.SZ,2016-12-31,12.0937
002594.SZ,2017-03-31,1.1734
002594.SZ,2017-06-30,3.3171
002594.SZ,2017-09-30,5.2989
002594.SZ,2017-12-31,7.6538
002594.SZ,2018-03-31,0.1862
002594.SZ,2018-06-30,0.8772
002594.SZ,2018-09-30,2.7896
002594.SZ,2018-12-31,5.0456
002594.SZ,2019-03-31,1.3423
002594.SZ,2019-06-30,2.6001
002594.SZ,2019-09-30,2.8107
002594.SZ,2019-12-31,2.884
002594.SZ,2020-03-31,0.1985
002594.SZ,2020-06-30,2.8493
002594.SZ,2020-09-30,5.8589
002594.SZ,2020-12-31,7.4523
002594.SZ,2021-03-31,0.344
002594.SZ,2021-06-30,1.6992
002594.SZ,2021-09-30,3.5065
002594.SZ,2021-12-31,4.0083
002594.SZ,2022-03-31,0.8469
002594.SZ,2022-06-30,3.7514
002594.SZ,2022-09-30,9.4254
002594.SZ,2022-12-31,16.1305
002736.SZ,2016-03-31,1.6938
002736.SZ,2016-06-30,4.5939
002736.SZ,2016-09-30,7.6068
002736.SZ,2016-12-31,9.2733
002736.SZ,2017-03-31,2.1234
002736.SZ,2017-06-30,4.1303
002736.SZ,2017-09-30,6.7659
002736.SZ,2017-12-31,9.1066
002736.SZ,2018-03-31,1.4084
002736.SZ,2018-06-30,2.2398
002736.SZ,2018-09-30,3.71
002736.SZ,2018-12-31,6.5491
002736.SZ,2019-03-31,3.5175
002736.SZ,2019-06-30,4.8869
002736.SZ,2019-09-30,6.9568
002736.SZ,2019-12-31,9.0366
002736.SZ,2020-03-31,2.5064
002736.SZ,2020-06-30,5.4361
002736.SZ,2020-09-30,8.0762
002736.SZ,2020-12-31,9.6498
002736.SZ,2021-03-31,2.0613
002736.SZ,2021-06-30,5.552
002736.SZ,2021-09-30,8.8905
002736.SZ,2021-12-31,11.3766
002736.SZ,2022-03-31,0.7886
002736.SZ,2022-06-30,3.2697
002736.SZ,2022-09-30,4.703
600015.SH,2016-03-31,3.412
600015.SH,2016-06-30,7.5288
600015.SH,2016-09-30,10.9911
600015.SH,2016-12-31,14.583
600015.SH,2017-03-31,2.9245
600015.SH,2017-06-30,6.3267
600015.SH,2017-09-30,9.0253
600015.SH,2017-12-31,12.3776
600015.SH,2018-03-31,2.6735
600015.SH,2018-06-30,5.8308
600015.SH,2018-09-30,8.3179
600015.SH,2018-12-31,10.8277
600015.SH,2019-03-31,2.1398
600015.SH,2019-06-30,4.4513
600015.SH,2019-09-30,6.3714
600015.SH,2019-12-31,9.038
600015.SH,2020-03-31,1.7912
600015.SH,2020-06-30,3.474
600015.SH,2020-09-30,5.2199
600015.SH,2020-12-31,7.7618
600015.SH,2021-03-31,1.8923
600015.SH,2021-06-30,3.8839
600015.SH,2021-09-30,5.6675
600015.SH,2021-12-31,8.1309
600015.SH,2022-03-31,1.8731
600015.SH,2022-06-30,3.8487
600015.SH,2022-09-30,5.6459
600016.SH,2016-03-31,4.4786
600016.SH,2016-06-30,8.7817
600016.SH,2016-09-30,12.4766
600016.SH,2016-12-31,14.8625
600016.SH,2017-03-31,4.0595
600016.SH,2017-06-30,7.9481
600016.SH,2017-09-30,11.283
600016.SH,2017-12-31,13.807
600016.SH,2018-03-31,3.9117
600016.SH,2018-06-30,7.6334
600016.SH,2018-09-30,10.8025
600016.SH,2018-12-31,12.5968
600016.SH,2019-03-31,3.6855
600016.SH,2019-06-30,7.0476
600016.SH,2019-09-30,9.9897
600016.SH,2019-12-31,11.464
600016.SH,2020-03-31,3.1527
600016.SH,2020-06-30,5.439
600016.SH,2020-09-30,7.0994
600016.SH,2020-12-31,6.5451
600016.SH,2021-03-31,2.7444
600016.SH,2021-06-30,4.8066
600016.SH,2021-09-30,6.3597
600016.SH,2021-12-31,6.2295
600016.SH,2022-03-31,2.3648
600016.SH,2022-06-30,4.2317
600016.SH,2022-09-30,5.7601
600016.SH,2022-12-31,6.0073
600028.SH,2016-03-31,0.9085
600028.SH,2016-06-30,2.8137
600028.SH,2016-09-30,4.2638
600028.SH,2016-12-31,6.6901
600028.SH,2017-03-31,2.3088
600028.SH,2017-06-30,3.7862
600028.SH,2017-09-30,5.3716
600028.SH,2017-12-31,7.1024
600028.SH,2018-03-31,2.5485
600028.SH,2018-06-30,5.7441
600028.SH,2018-09-30,8.2756
600028.SH,2018-12-31,8.7284
600028.SH,2019-03-31,2.0251
600028.SH,2019-06-30,4.3439
600028.SH,2019-09-30,5.9936
600028.SH,2019-12-31,7.9026
600028.SH,2020-03-31,-2.7257
600028.SH,2020-06-30,-3.1969
600028.SH,2020-09-30,3.2018
600028.SH,2020-12-31,4.4443
600028.SH,2021-03-31,2.3792
600028.SH,2021-06-30,5.194
600028.SH,2021-09-30,7.9232
600028.SH,2021-12-31,9.3845
600028.SH,2022-03-31,2.8807
600028.SH,2022-06-30,5.5728
600028.SH,2022-09-30,7.281
600028.SH,2022-12-31,8.4966
600031.SH,2016-03-31,0.389
600031.SH,2016-06-30,0.5991
600031.SH,2016-09-30,0.7586
600031.SH,2016-12-31,0.8965
600031.SH,2017-03-31,3.2228
600031.SH,2017-06-30,4.946
600031.SH,2017-09-30,7.5718
600031.SH,2017-12-31,8.6788
600031.SH,2018-03-31,5.6785
600031.SH,2018-06-30,12.6735
600031.SH,2018-09-30,17.5036
600031.SH,2018-12-31,21.4672
600031.SH,2019-03-31,9.1727
600031.SH,2019-06-30,18.9933
600031.SH,2019-09-30,24.8159
600031.SH,2019-12-31,29.5278
600031.SH,2020-03-31,4.8283
600031.SH,2020-06-30,17.9608
600031.SH,2020-09-30,25.4644
600031.SH,2020-12-31,30.5624
600031.SH,2021-03-31,9.3321
600031.SH,2021-06-30,17.017
600031.SH,2021-09-30,20.8156
600031.SH,2021-12-31,20.0133
600031.SH,2022-03-31,2.4659
600031.SH,2022-06-30,4.1655
600031.SH,2022-09-30,5.615
600031.SH,2022-12-31,6.6422
600036.SH,2016-03-31,4.9598
600036.SH,2016-06-30,9.535
600036.SH,2016-09-30,13.772
600036.SH,2016-12-31,16.2695
600036.SH,2017-03-31,4.8548
600036.SH,2017-06-30,9.5552
600036.SH,2017-09-30,13.9948
600036.SH,2017-12-31,15.8969
600036.SH,2018-03-31,4.6446
600036.SH,2018-06-30,9.1253
600036.SH,2018-09-30,13.3977
600036.SH,2018-12-31,15.791
600036.SH,2019-03-31,4.5635
600036.SH,2019-06-30,9.1357
600036.SH,2019-09-30,13.5919
600036.SH,2019-12-31,16.1309
600036.SH,2020-03-31,4.4354
600036.SH,2020-06-30,8.0056
600036.SH,2020-09-30,11.6541
600036.SH,2020-12-31,14.5825
600036.SH,2021-03-31,4.3297
600036.SH,2021-06-30,8.2712
600036.SH,2021-09-30,12.3771
600036.SH,2021-12-31,15.1561
600036.SH,2022-03-31,4.1115
600036.SH,2022-06-30,7.9484
600036.SH,2022-09-30,12.025
600036.SH,2022-12-31,15.2986
600085.SH,2016-03-31,3.6276
600085.SH,2016-06-30,7.7686
600085.SH,2016-09-30,10.3129
600085.SH,2016-12-31,12.5161
600085.SH,2017-03-31,3.7024
600085.SH,2017-06-30,7.5765
600085.SH,2017-09-30,10.2237
600085.SH,2017-12-31,12.5529
600085.SH,2018-03-31,3.7044
600085.SH,2018-06-30,7.4613
600085.SH,2018-09-30,9.7668
600085.SH,2018-12-31,12.8334
600085.SH,2019-03-31,3.7051
600085.SH,2019-06-30,7.0167
600085.SH,2019-09-30,8.9231
600085.SH,2019-12-31,10.6557
600085.SH,2020-03-31,2.5523
600085.SH,2020-06-30,5.1618
600085.SH,2020-09-30,7.606
600085.SH,2020-12-31,10.8193
600085.SH,2021-03-31,3.1861
600085.SH,2021-06-30,6.2719
600085.SH,2021-09-30,9.1147
600085.SH,2021-12-31,11.9945
600085.SH,2022-03-31,3.6934
600085.SH,2022-06-30,6.8598
600085.SH,2022-09-30,9.1112
600085.SH,2022-12-31,12.7071
600104.SH,2016-03-31,4.4226
600104.SH,2016-06-30,8.5803
600104.SH,2016-09-30,12.8536
600104.SH,2016-12-31,17.441
600104.SH,2017-03-31,4.0552
600104.SH,2017-06-30,8.0239
600104.SH,2017-09-30,12.0918
600104.SH,2017-12-31,16.4936
600104.SH,2018-03-31,4.2233
600104.SH,2018-06-30,8.5184
600104.SH,2018-09-30,12.136
600104.SH,2018-12-31,15.6663
600104.SH,2019-03-31,3.4388
600104.SH,2019-06-30,5.8376
600104.SH,2019-09-30,8.6821
600104.SH,2019-12-31,10.5784
600104.SH,2020-03-31,0.4492
600104.SH,2020-06-30,3.3802
600104.SH,2020-09-30,6.607
600104.SH,2020-12-31,8.0152
600104.SH,2021-03-31,2.5918
600104.SH,2021-06-30,4.9671
600104.SH,2021-09-30,7.6652
600104.SH,2021-12-31,9.1905
600104.SH,2022-03-31,2.0016
600104.SH,2022-06-30,2.505
600104.SH,2022-09-30,4.6282
600111.SH,2016-03-31,0.0797
600111.SH,2016-06-30,0.3761
600111.SH,2016-09-30,0.4132
600111.SH,2016-12-31,1.0854
600111.SH,2017-03-31,0.8902
600111.SH,2017-06-30,1.3298
600111.SH,2017-09-30,4.0671
600111.SH,2017-12-31,4.6484
600111.SH,2018-03-31,1.2222
600111.SH,2018-06-30,2.4439
600111.SH,2018-09-30,4.2193
600111.SH,2018-12-31,6.4166
600111.SH,2019-03-31,1.2806
600111.SH,2019-06-30,2.8535
600111.SH,2019-09-30,4.8992
600111.SH,2019-12-31,6.5095
600111.SH,2020-03-31,1.4967
600111.SH,2020-06-30,3.3477
600111.SH,2020-09-30,5.1512
600111.SH,2020-12-31,8.2956
600111.SH,2021-03-31,7.1181
600111.SH,2021-06-30,18.0107
600111.SH,2021-09-30,26.413
600111.SH,2021-12-31,39.8066
600111.SH,2022-03-31,9.6589
600111.SH,2022-06-30,19.3649
600111.SH,2022-09-30,27.405
600111.SH,2022-12-31,34.0184
600519.SH,2016-03-31,7.3664
600519.SH,2016-06-30,13.6576
600519.SH,2016-09-30,18.8062
600519.SH,2016-12-31,24.4385
600519.SH,2017-03-31,8.0614
600519.SH,2017-06-30,15.151
600519.SH,2017-09-30,25.4166
600519.SH,2017-12-31,32.9542
600519.SH,2018-03-31,8.8887
600519.SH,2018-06-30,17.0563
600519.SH,2018-09-30,25.522
600519.SH,2018-12-31,34.4643
600519.SH,2019-03-31,9.4737
600519.SH,2019-06-30,17.5322
600519.SH,2019-09-30,25.5819
600519.SH,2019-12-31,33.1177
600519.SH,2020-03-31,9.1849
600519.SH,2020-06-30,16.5436
600519.SH,2020-09-30,23.7832
600519.SH,2020-12-31,31.4108
600519.SH,2021-03-31,8.2915
600519.SH,2021-06-30,15.2628
600519.SH,2021-09-30,22.204
600519.SH,2021-12-31,29.9036
600519.SH,2022-03-31,8.7025
600519.SH,2022-06-30,15.6135
600519.SH,2022-09-30,22.4101
600519.SH,2022-12-31,32.4077
600585.SH,2016-03-31,1.6265
600585.SH,2016-06-30,4.725
600585.SH,2016-09-30,8.2673
600585.SH,2016-12-31,11.5974
600585.SH,2017-03-31,2.7697
600585.SH,2017-06-30,8.5568
600585.SH,2017-09-30,12.2598
600585.SH,2017-12-31,19.1003
600585.SH,2018-03-31,5.2072
600585.SH,2018-06-30,13.9669
600585.SH,2018-09-30,21.4622
600585.SH,2018-12-31,29.5052
600585.SH,2019-03-31,5.2537
600585.SH,2019-06-30,13.1714
600585.SH,2019-09-30,19.8217
600585.SH,2019-12-31,26.8688
600585.SH,2020-03-31,3.5139
600585.SH,2020-06-30,11.464
600585.SH,2020-09-30,17.1133
600585.SH,2020-12-31,23.4837
600585.SH,2021-03-31,3.5274
600585.SH,2021-06-30,9.1397
600585.SH,2021-09-30,13.3885
600585.SH,2021-12-31,19.2569
600585.SH,2022-03-31,2.6484
600585.SH,2022-06-30,5.4245
600585.SH,2022-09-30,6.8175
600585.SH,2022-12-31,8.5269
600660.SH,2016-03-31,3.4898
600660.SH,2016-06-30,8.9684
600660.SH,2016-09-30,13.0748
600660.SH,2016-12-31,18.258
600660.SH,2017-03-31,3.7679
600660.SH,2017-06-30,7.8158
600660.SH,2017-09-30,11.8697
600660.SH,2017-12-31,17.0044
600660.SH,2018-03-31,2.9335
600660.SH,2018-06-30,9.8346
600660.SH,2018-09-30,16.4793
600660.SH,2018-12-31,21.0273
600660.SH,2019-03-31,2.9627
600660.SH,2019-06-30,7.512
600660.SH,2019-09-30,11.4236
600660.SH,2019-12-31,13.9478
600660.SH,2020-03-31,2.1274
600660.SH,2020-06-30,4.6039
600660.SH,2020-09-30,8.1331
600660.SH,2020-12-31,12.1065
600660.SH,2021-03-31,3.8767
600660.SH,2021-06-30,7.6016
600660.SH,2021-09-30,10.9483
600660.SH,2021-12-31,13.1363
600660.SH,2022-03-31,3.2593
600660.SH,2022-06-30,9.0123
600660.SH,2022-09-30,14.245
600660.SH,2022-12-31,17.1965
600741.SH,2016-03-31,4.5151
600741.SH,2016-06-30,9.8597
600741.SH,2016-09-30,14.0423
600741.SH,2016-12-31,18.5905
600741.SH,2017-03-31,3.9391
600741.SH,2017-06-30,8.5041
600741.SH,2017-09-30,12.4047
600741.SH,2017-12-31,16.5127
600741.SH,2018-03-31,6.8359
600741.SH,2018-06-30,11.4331
600741.SH,2018-09-30,14.9345
600741.SH,2018-12-31,18.5282
600741.SH,2019-03-31,3.9694
600741.SH,2019-06-30,7.3792
600741.SH,2019-09-30,10.5414
600741.SH,2019-12-31,13.6372
600741.SH,2020-03-31,0.2735
600741.SH,2020-06-30,2.6793
600741.SH,2020-09-30,6.231
600741.SH,2020-12-31,10.5986
600741.SH,2021-03-31,2.4298
600741.SH,2021-06-30,5.1548
600741.SH,2021-09-30,9.3945
600741.SH,2021-12-31,12.674
600741.SH,2022-03-31,3.4036
600741.SH,2022-06-30,5.1263
600741.SH,2022-09-30,9.7495
600837.SH,2016-03-31,1.624
600837.SH,2016-06-30,4.0082
600837.SH,2016-09-30,5.8967
600837.SH,2016-12-31,7.3851
600837.SH,2017-03-31,2.0121
600837.SH,2017-06-30,3.6151
600837.SH,2017-09-30,5.4324
600837.SH,2017-12-31,7.5638
600837.SH,2018-03-31,1.4626
600837.SH,2018-06-30,2.5822
600837.SH,2018-09-30,3.0469
600837.SH,2018-12-31,4.4234
600837.SH,2019-03-31,3.1351
600837.SH,2019-06-30,4.6006
600837.SH,2019-09-30,6.1064
600837.SH,2019-12-31,7.8076
600837.SH,2020-03-31,1.798
600837.SH,2020-06-30,4.2634
600837.SH,2020-09-30,6.0613
600837.SH,2020-12-31,7.7809
600837.SH,2021-03-31,2.3359
600837.SH,2021-06-30,5.2436
600837.SH,2021-09-30,7.4962
600837.SH,2021-12-31,8.103
600837.SH,2022-03-31,0.9168
600837.SH,2022-06-30,2.9169
600837.SH,2022-09-30,3.7116
600837.SH,2022-12-31,3.9944
600886.SH,2016-03-31,4.5633
600886.SH,2016-06-30,5.6387
600886.SH,2016-09-30,12.4742
600886.SH,2016-12-31,14.1749
600886.SH,2017-03-31,3.1913
600886.SH,2017-06-30,4.4
600886.SH,2017-09-30,10.0211
600886.SH,2017-12-31,10.9134
600886.SH,2018-03-31,3.1594
600886.SH,2018-06-30,4.9413
600886.SH,2018-09-30,10.6429
600886.SH,2018-12-31,12.7892
600886.SH,2019-03-31,2.7435
600886.SH,2019-06-30,6.0056
600886.SH,2019-09-30,11.1424
600886.SH,2019-12-31,12.1819
600886.SH,2020-03-31,3.5947
600886.SH,2020-06-30,7.4524
600886.SH,2020-09-30,12.2992
600886.SH,2020-12-31,12.5914
600886.SH,2021-03-31,2.5602
600886.SH,2021-06-30,5.0316
600886.SH,2021-09-30,7.2744
600886.SH,2021-12-31,4.9388
600886.SH,2022-03-31,1.9965
600886.SH,2022-06-30,4.5066
600886.SH,2022-09-30,7.7996
601006.SH,2016-03-31,2.2792
601006.SH,2016-06-30,4.2009
601006.SH,2016-09-30,5.8252
601006.SH,2016-12-31,8.0122
601006.SH,2017-03-31,3.457
601006.SH,2017-06-30,8.3058
601006.SH,2017-09-30,12.0031
601006.SH,2017-12-31,14.1093
601006.SH,2018-03-31,4.0376
601006.SH,2018-06-30,8.1897
601006.SH,2018-09-30,11.8957
601006.SH,2018-12-31,14.1276
601006.SH,2019-03-31,3.6936
601006.SH,2019-06-30,7.5177
601006.SH,2019-09-30,11.0953
601006.SH,2019-12-31,12.4054
601006.SH,2020-03-31,2.233
601006.SH,2020-06-30,4.9219
601006.SH,2020-09-30,7.7364
601006.SH,2020-12-31,9.2804
601006.SH,2021-03-31,2.9585
601006.SH,2021-06-30,6.1742
601006.SH,2021-09-30,8.3825
601006.SH,2021-12-31,9.9306
601006.SH,2022-03-31,2.3554
601006.SH,2022-06-30,5.8706
601006.SH,2022-09-30,8.5603
601186.SH,2016-03-31,2.2709
601186.SH,2016-06-30,4.9611
601186.SH,2016-09-30,7.6693
601186.SH,2016-12-31,11.5293
601186.SH,2017-03-31,2.171
601186.SH,2017-06-30,4.8955
601186.SH,2017-09-30,7.7808
601186.SH,2017-12-31,11.445
601186.SH,2018-03-31,2.2461
601186.SH,2018-06-30,5.1765
601186.SH,2018-09-30,8.0576
601186.SH,2018-12-31,11.2341
601186.SH,2019-03-31,2.259
601186.SH,2019-06-30,5.4204
601186.SH,2019-09-30,8.3101
601186.SH,2019-12-31,10.6344
601186.SH,2020-03-31,1.4078
601186.SH,2020-06-30,4.3852
601186.SH,2020-09-30,6.8751
601186.SH,2020-12-31,9.6468
601186.SH,2021-03-31,1.9639
601186.SH,2021-06-30,4.8123
601186.SH,2021-09-30,6.9294
601186.SH,2021-12-31,9.4403
601186.SH,2022-03-31,2.072
601186.SH,2022-06-30,4.9028
601186.SH,2022-09-30,6.7981
601186.SH,2022-12-31,9.5274
601211.SH,2016-03-31,2.4775
601211.SH,2016-06-30,5.2962
601211.SH,2016-09-30,7.9313
601211.SH,2016-12-31,10.0788
601211.SH,2017-03-31,2.5729
601211.SH,2017-06-30,4.386
601211.SH,2017-09-30,6.376
601211.SH,2017-12-31,8.8587
601211.SH,2018-03-31,1.8191
601211.SH,2018-06-30,3.2727
601211.SH,2018-09-30,4.4686
601211.SH,2018-12-31,5.441
601211.SH,2019-03-31,2.3966
601211.SH,2019-06-30,3.98
601211.SH,2019-09-30,5.0614
601211.SH,2019-12-31,6.6196
601211.SH,2020-03-31,1.3211
601211.SH,2020-06-30,4.0433
601211.SH,2020-09-30,6.5657
601211.SH,2020-12-31,8.0931
601211.SH,2021-03-31,3.1647
601211.SH,2021-06-30,5.7799
601211.SH,2021-09-30,8.2786
601211.SH,2021-12-31,10.5551
601211.SH,2022-03-31,1.6998
601211.SH,2022-06-30,4.3297
601211.SH,2022-09-30,5.5853
601211.SH,2022-12-31,7.5501
601225.SH,2016-03-31,-0.1244
601225.SH,2016-06-30,0.7979
601225.SH,2016-09-30,3.217
601225.SH,2016-12-31,8.4059
601225.SH,2017-03-31,7.4461
601225.SH,2017-06-30,14.8146
601225.SH,2017-09-30,21.0327
601225.SH,2017-12-31,26.5916
601225.SH,2018-03-31,6.195
601225.SH,2018-06-30,13.0689
601225.SH,2018-09-30,18.8199
601225.SH,2018-12-31,23.1699
601225.SH,2019-03-31,5.3737
601225.SH,2019-06-30,11.3441
601225.SH,2019-09-30,16.9696
601225.SH,2019-12-31,21.3801
601225.SH,2020-03-31,3.9508
601225.SH,2020-06-30,8.4007
601225.SH,2020-09-30,18.2983
601225.SH,2020-12-31,23.1661
601225.SH,2021-03-31,4.6698
601225.SH,2021-06-30,11.6559
601225.SH,2021-09-30,19.1839
601225.SH,2021-12-31,27.1687
601225.SH,2022-03-31,6.4524
601225.SH,2022-06-30,26.9121
601225.SH,2022-09-30,30.3038
601288.SH,2016-03-31,4.4251
601288.SH,2016-06-30,8.5264
601288.SH,2016-09-30,12.2332
601288.SH,2016-12-31,14.5507
601288.SH,2017-03-31,4.156
601288.SH,2017-06-30,8.124
601288.SH,2017-09-30,11.7474
601288.SH,2017-12-31,14.0612
601288.SH,2018-03-31,4.0698
601288.SH,2018-06-30,7.7408
601288.SH,2018-09-30,11.2282
601288.SH,2018-12-31,13.0967
601288.SH,2019-03-31,3.6001
601288.SH,2019-06-30,7.1376
601288.SH,2019-09-30,10.071
601288.SH,2019-12-31,11.7225
601288.SH,2020-03-31,3.2341
601288.SH,2020-06-30,5.4005
601288.SH,2020-09-30,8.0618
601288.SH,2020-12-31,10.3981
601288.SH,2021-03-31,2.9475
601288.SH,2021-06-30,5.4825
601288.SH,2021-09-30,8.2519
601288.SH,2021-12-31,10.4422
601288.SH,2022-03-31,2.8631
601288.SH,2022-06-30,5.2267
601288.SH,2022-09-30,7.8375
601288.SH,2022-12-31,10.1963
601318.SH,2016-03-31,6.0709
601318.SH,2016-06-30,11.6804
601318.SH,2016-09-30,15.8369
601318.SH,2016-12-31,17.3873
601318.SH,2017-03-31,5.8
601318.SH,2017-06-30,10.7329
601318.SH,2017-09-30,15.947
601318.SH,2017-12-31,20.7955
601318.SH,2018-03-31,5.2709
601318.SH,2018-06-30,11.7434
601318.SH,2018-09-30,15.8582
601318.SH,2018-12-31,20.858
601318.SH,2019-03-31,7.8777
601318.SH,2019-06-30,16.5295
601318.SH,2019-09-30,21.6359
601318.SH,2019-12-31,24.3004
601318.SH,2020-03-31,3.8234
601318.SH,2020-06-30,9.9893
601318.SH,2020-09-30,14.9029
601318.SH,2020-12-31,19.9341
601318.SH,2021-03-31,3.5476
601318.SH,2021-06-30,7.4633
601318.SH,2021-09-30,10.5028
601318.SH,2021-12-31,12.9042
601318.SH,2022-03-31,2.5102
601318.SH,2022-06-30,7.2569
601318.SH,2022-09-30,9.2615
601318.SH,2022-12-31,10.0263
601328.SH,2016-03-31,3.503
601328.SH,2016-06-30,6.9268
601328.SH,2016-09-30,9.1384
601328.SH,2016-12-31,11.5478
601328.SH,2017-03-31,3.0241
601328.SH,2017-06-30,6.1263
601328.SH,2017-09-30,8.4542
601328.SH,2017-12-31,10.8012
601328.SH,2018-03-31,3.0111
601328.SH,2018-06-30,6.1089
601328.SH,2018-09-30,8.4669
601328.SH,2018-12-31,10.7525
601328.SH,2019-03-31,2.9738
601328.SH,2019-06-30,6.0427
601328.SH,2019-09-30,8.1625
601328.SH,2019-12-31,10.3618
601328.SH,2020-03-31,2.6754
601328.SH,2020-06-30,4.5752
601328.SH,2020-09-30,6.5143
601328.SH,2020-12-31,9.4314
601328.SH,2021-03-31,2.4991
601328.SH,2021-06-30,4.6943
601328.SH,2021-09-30,7.1079
601328.SH,2021-12-31,9.5651
601328.SH,2022-03-31,2.3949
601328.SH,2022-06-30,4.5374
601328.SH,2022-09-30,6.9112
601328.SH,2022-12-31,9.2703
601336.SH,2016-03-31,3.4655
601336.SH,2016-06-30,5.7691
601336.SH,2016-09-30,8.14
601336.SH,2016-12-31,8.4513
601336.SH,2017-03-31,3.0434
601336.SH,2017-06-30,5.3575
601336.SH,2017-09-30,8.2165
601336.SH,2017-12-31,8.7647
601336.SH,2018-03-31,4.0385
601336.SH,2018-06-30,8.9565
601336.SH,2018-09-30,11.8196
601336.SH,2018-12-31,12.2535
601336.SH,2019-03-31,4.8522
601336.SH,2019-06-30,14.8336
601336.SH,2019-09-30,17.8877
601336.SH,2019-12-31,19.4071
601336.SH,2020-03-31,5.3866
601336.SH,2020-06-30,9.3591
601336.SH,2020-09-30,12.4579
601336.SH,2020-12-31,15.3601
601336.SH,2021-03-31,6.1383
601336.SH,2021-06-30,10.1343
601336.SH,2021-09-30,11.5819
601336.SH,2021-12-31,14.2241
601336.SH,2022-03-31,1.2774
601336.SH,2022-06-30,4.8705
601336.SH,2022-09-30,4.9772
601336.SH,2022-12-31,9.2932
601398.SH,2016-03-31,4.0937
601398.SH,2016-06-30,8.2399
601398.SH,2016-09-30,11.9403
601398.SH,2016-12-31,14.8035
601398.SH,2017-03-31,3.7869
601398.SH,2017-06-30,7.6727
601398.SH,2017-09-30,11.2351
601398.SH,2017-12-31,13.963
601398.SH,2018-03-31,3.6661
601398.SH,2018-06-30,7.4519
601398.SH,2018-09-30,10.9059
601398.SH,2018-12-31,13.3562
601398.SH,2019-03-31,3.4575
601398.SH,2019-06-30,7.0807
601398.SH,2019-09-30,10.099
601398.SH,2019-12-31,12.4735
601398.SH,2020-03-31,3.1064
601398.SH,2020-06-30,5.5036
601398.SH,2020-09-30,8.3421
601398.SH,2020-12-31,11.3438
601398.SH,2021-03-31,2.9204
601398.SH,2021-06-30,5.5196
601398.SH,2021-09-30,8.339
601398.SH,2021-12-31,11.3258
601398.SH,2022-03-31,2.7487
601398.SH,2022-06-30,5.2193
601398.SH,2022-09-30,7.9735
601398.SH,2022-12-31,10.6763
601601.SH,2016-03-31,1.655
601601.SH,2016-06-30,4.7193
601601.SH,2016-09-30,6.6795
601601.SH,2016-12-31,9.0962
601601.SH,2017-03-31,1.5122
601601.SH,2017-06-30,4.9446
601601.SH,2017-09-30,8.1685
601601.SH,2017-12-31,10.8905
601601.SH,2018-03-31,2.688
601601.SH,2018-06-30,5.973
601601.SH,2018-09-30,9.0661
601601.SH,2018-12-31,12.5536
601601.SH,2019-03-31,3.5159
601601.SH,2019-06-30,10.3703
601601.SH,2019-09-30,14.3298
601601.SH,2019-12-31,16.9151
601601.SH,2020-03-31,4.6043
601601.SH,2020-06-30,7.5896
601601.SH,2020-09-30,10.3091
601601.SH,2020-12-31,12.4903
601601.SH,2021-03-31,3.9148
601601.SH,2021-06-30,7.9786
601601.SH,2021-09-30,10.4075
601601.SH,2021-12-31,12.143
601601.SH,2022-03-31,2.4259
601601.SH,2022-06-30,5.8671
601601.SH,2022-09-30,9.0382
601601.SH,2022-12-31,10.8127
601618.SH,2016-03-31,2.2307
601618.SH,2016-06-30,3.9557
601618.SH,2016-09-30,5.4624
601618.SH,2016-12-31,8.2005
601618.SH,2017-03-31,1.958
601618.SH,2017-06-30,3.6396
601618.SH,2017-09-30,4.6943
601618.SH,2017-12-31,7.9208
601618.SH,2018-03-31,1.9947
601618.SH,2018-06-30,3.5102
601618.SH,2018-09-30,4.5368
601618.SH,2018-12-31,7.6562
601618.SH,2019-03-31,2.0835
601618.SH,2019-06-30,3.7133
601618.SH,2019-09-30,4.529
601618.SH,2019-12-31,7.2567
601618.SH,2020-03-31,1.961
601618.SH,2020-06-30,3.7612
601618.SH,2020-09-30,4.9011
601618.SH,2020-12-31,8.0291
601618.SH,2021-03-31,2.1598
601618.SH,2021-06-30,4.9599
601618.SH,2021-09-30,5.9575
601618.SH,2021-12-31,8.1553
601618.SH,2022-03-31,2.4663
601618.SH,2022-06-30,5.3699
601618.SH,2022-09-30,6.1015
601618.SH,2022-12-31,8.9871
601628.SH,2016-03-31,1.6486
601628.SH,2016-06-30,3.3241
601628.SH,2016-09-30,4.2846
601628.SH,2016-12-31,6.1098
601628.SH,2017-03-31,2.0072
601628.SH,2017-06-30,3.9992
601628.SH,2017-09-30,8.5645
601628.SH,2017-12-31,10.3283
601628.SH,2018-03-31,4.1196
601628.SH,2018-06-30,5.1008
601628.SH,2018-09-30,6.1012
601628.SH,2018-12-31,3.5648
601628.SH,2019-03-31,7.6265
601628.SH,2019-06-30,10.949
601628.SH,2019-09-30,16.3202
601628.SH,2019-12-31,16.143
601628.SH,2020-03-31,4.2901
601628.SH,2020-06-30,7.4506
601628.SH,2020-09-30,11.4647
601628.SH,2020-12-31,11.7749
601628.SH,2021-03-31,6.2299
601628.SH,2021-06-30,8.8931
601628.SH,2021-09-30,10.5338
601628.SH,2021-12-31,10.9668
601628.SH,2022-03-31,3.2167
601628.SH,2022-06-30,5.3036
601628.SH,2022-09-30,6.6772
601628.SH,2022-12-31,7.0143
601668.SH,2016-03-31,3.7233
601668.SH,2016-06-30,9.3582
601668.SH,2016-09-30,13.9832
601668.SH,2016-12-31,16.6654
601668.SH,2017-03-31,3.6496
601668.SH,2017-06-30,9.2487
601668.SH,2017-09-30,12.9655
601668.SH,2017-12-31,16.2577
601668.SH,2018-03-31,3.6784
601668.SH,2018-06-30,8.6326
601668.SH,2018-09-30,12.0714
601668.SH,2018-12-31,16.6732
601668.SH,2019-03-31,3.5596
601668.SH,2019-06-30,8.1285
601668.SH,2019-09-30,11.7871
601668.SH,2019-12-31,16.0724
601668.SH,2020-03-31,2.8032
601668.SH,2020-06-30,7.1499
601668.SH,2020-09-30,10.9833
601668.SH,2020-12-31,15.5619
601668.SH,2021-03-31,3.6006
601668.SH,2021-06-30,8.3181
601668.SH,2021-09-30,12.0227
601668.SH,2021-12-31,15.9571
601668.SH,2022-03-31,3.6872
601668.SH,2022-06-30,8.1168
601668.SH,2022-09-30,12.1645
601668.SH,2022-12-31,13.9931
601688.SH,2016-03-31,1.5447
601688.SH,2016-06-30,3.5608
601688.SH,2016-09-30,5.9031
601688.SH,2016-12-31,7.5942
601688.SH,2017-03-31,1.557
601688.SH,2017-06-30,3.5559
601688.SH,2017-09-30,5.529
601688.SH,2017-12-31,10.8059
601688.SH,2018-03-31,2.1592
601688.SH,2018-06-30,3.5592
601688.SH,2018-09-30,4.6284
601688.SH,2018-12-31,5.2774
601688.SH,2019-03-31,2.647
601688.SH,2019-06-30,3.6845
601688.SH,2019-09-30,5.7676
601688.SH,2019-12-31,7.9685
601688.SH,2020-03-31,2.332
601688.SH,2020-06-30,5.1738
601688.SH,2020-09-30,7.0817
601688.SH,2020-12-31,8.6026
601688.SH,2021-03-31,2.535
601688.SH,2021-06-30,5.9338
601688.SH,2021-09-30,8.2352
601688.SH,2021-12-31,9.619
601688.SH,2022-03-31,1.4681
601688.SH,2022-06-30,3.5728
601688.SH,2022-09-30,5.0963
601688.SH,2022-12-31,7.0509
601788.SH,2016-03-31,1.484
601788.SH,2016-06-30,3.8398
601788.SH,2016-09-30,5.4739
601788.SH,2016-12-31,6.8729
601788.SH,2017-03-31,1.234
601788.SH,2017-06-30,2.6041
601788.SH,2017-09-30,4.7236
601788.SH,2017-12-31,6.2993
601788.SH,2018-03-31,1.492
601788.SH,2018-06-30,1.9955
601788.SH,2018-09-30,2.4173
601788.SH,2018-12-31,0.2158
601788.SH,2019-03-31,2.7451
601788.SH,2019-06-30,3.3608
601788.SH,2019-09-30,4.7024
601788.SH,2019-12-31,1.2001
601788.SH,2020-03-31,2.3019
601788.SH,2020-06-30,4.4462
601788.SH,2020-09-30,6.6236
601788.SH,2020-12-31,4.6731
601788.SH,2021-03-31,1.3216
601788.SH,2021-06-30,4.1494
601788.SH,2021-09-30,5.9188
601788.SH,2021-12-31,6.3171
601788.SH,2022-03-31,1.1018
601788.SH,2022-06-30,3.4852
601788.SH,2022-09-30,5.5752
601788.SH,2022-12-31,5.2335
601800.SH,2016-03-31,1.5619
601800.SH,2016-06-30,4.7309
601800.SH,2016-09-30,7.4344
601800.SH,2016-12-31,10.911
601800.SH,2017-03-31,1.9408
601800.SH,2017-06-30,4.5981
601800.SH,2017-09-30,7.0407
601800.SH,2017-12-31,12.0731
601800.SH,2018-03-31,1.8826
601800.SH,2018-06-30,4.507
601800.SH,2018-09-30,6.9548
601800.SH,2018-12-31,10.4006
601800.SH,2019-03-31,1.9605
601800.SH,2019-06-30,4.2552
601800.SH,2019-09-30,6.5
601800.SH,2019-12-31,9.4108
601800.SH,2020-03-31,1.0176
601800.SH,2020-06-30,2.2357
601800.SH,2020-09-30,4.3722
601800.SH,2020-12-31,6.8204
601800.SH,2021-03-31,1.743
601800.SH,2021-06-30,3.9251
601800.SH,2021-09-30,5.9514
601800.SH,2021-12-31,7.1201
601800.SH,2022-03-31,1.9342
601800.SH,2022-06-30,4.1522
601800.SH,2022-09-30,5.838
601800.SH,2022-12-31,7.0452
601857.SH,2016-03-31,-1.1736
601857.SH,2016-06-30,0.0447
601857.SH,2016-09-30,0.146
601857.SH,2016-12-31,0.6669
601857.SH,2017-03-31,0.4775
601857.SH,2017-06-30,1.0618
601857.SH,2017-09-30,1.4574
601857.SH,2017-12-31,1.9129
601857.SH,2018-03-31,0.8476
601857.SH,2018-06-30,2.255
601857.SH,2018-09-30,3.9909
601857.SH,2018-12-31,4.3668
601857.SH,2019-03-31,0.84
601857.SH,2019-06-30,2.328
601857.SH,2019-09-30,3.0558
601857.SH,2019-12-31,3.7364
601857.SH,2020-03-31,-1.3291
601857.SH,2020-06-30,-2.4788
601857.SH,2020-09-30,0.8246
601857.SH,2020-12-31,1.5538
601857.SH,2021-03-31,2.2559
601857.SH,2021-06-30,4.2994
601857.SH,2021-09-30,6.1042
601857.SH,2021-12-31,7.4346
601857.SH,2022-03-31,3.0421
601857.SH,2022-06-30,6.3408
601857.SH,2022-09-30,9.2263
601857.SH,2022-12-31,11.3447
601888.SH,2016-03-31,6.0418
601888.SH,2016-06-30,9.6285
601888.SH,2016-09-30,12.5115
601888.SH,2016-12-31,15.2074
601888.SH,2017-03-31,5.5489
601888.SH,2017-06-30,10.2068
601888.SH,2017-09-30,14.6521
601888.SH,2017-12-31,19.0051
601888.SH,2018-03-31,7.9654
601888.SH,2018-06-30,13.2419
601888.SH,2018-09-30,18.1018
601888.SH,2018-12-31,20.4487
601888.SH,2019-03-31,13.2768
601888.SH,2019-06-30,18.8929
601888.SH,2019-09-30,23.4961
601888.SH,2019-12-31,25.6276
601888.SH,2020-03-31,-0.6047
601888.SH,2020-06-30,4.9575
601888.SH,2020-09-30,16.0034
601888.SH,2020-12-31,29.1011
601888.SH,2021-03-31,11.9954
601888.SH,2021-06-30,22.3599
601888.SH,2021-09-30,33.2373
601888.SH,2021-12-31,37.1823
601888.SH,2022-03-31,8.3089
601888.SH,2022-06-30,12.9555
601888.SH,2022-09-30,11.8983
601888.SH,2022-12-31,12.8667
601939.SH,2016-03-31,4.6329
601939.SH,2016-06-30,9.11
601939.SH,2016-09-30,12.9507
601939.SH,2016-12-31,15.3767
601939.SH,2017-03-31,4.3568
601939.SH,2017-06-30,8.6328
601939.SH,2017-09-30,12.3135
601939.SH,2017-12-31,14.4365
601939.SH,2018-03-31,4.0814
601939.SH,2018-06-30,8.1051
601939.SH,2018-09-30,11.5675
601939.SH,2018-12-31,13.5591
601939.SH,2019-03-31,3.8176
601939.SH,2019-06-30,7.6479
601939.SH,2019-09-30,10.959
601939.SH,2019-12-31,12.7236
601939.SH,2020-03-31,3.5679
601939.SH,2020-06-30,6.1204
601939.SH,2020-09-30,9.0703
601939.SH,2020-12-31,11.8335
601939.SH,2021-03-31,3.4562
601939.SH,2021-06-30,6.3851
601939.SH,2021-09-30,9.5002
601939.SH,2021-12-31,12.2152
601939.SH,2022-03-31,3.3732
601939.SH,2022-06-30,6.1608
601939.SH,2022-09-30,9.1936
601939.SH,2022-12-31,11.8958
601985.SH,2016-03-31,2.6503
601985.SH,2016-06-30,6.4292
601985.SH,2016-09-30,9.6982
601985.SH,2016-12-31,11.4694
601985.SH,2017-03-31,2.942
601985.SH,2017-06-30,6.1914
601985.SH,2017-09-30,9.794
601985.SH,2017-12-31,10.6908
601985.SH,2018-03-31,2.7715
601985.SH,2018-06-30,5.7678
601985.SH,2018-09-30,8.5388
601985.SH,2018-12-31,10.5387
601985.SH,2019-03-31,2.9479
601985.SH,2019-06-30,5.4886
601985.SH,2019-09-30,7.7065
601985.SH,2019-12-31,9.5614
601985.SH,2020-03-31,2.0483
601985.SH,2020-06-30,5.8686
601985.SH,2020-09-30,9.0592
601985.SH,2020-12-31,9.9496
601985.SH,2021-03-31,2.5083
601985.SH,2021-06-30,6.259
601985.SH,2021-09-30,8.9667
601985.SH,2021-12-31,10.9671
601985.SH,2022-03-31,3.5462
601985.SH,2022-06-30,6.6107
601985.SH,2022-09-30,9.6234
601988.SH,2016-03-31,3.5143
601988.SH,2016-06-30,7.0132
601988.SH,2016-09-30,10.0064
601988.SH,2016-12-31,12.1163
601988.SH,2017-03-31,3.2586
601988.SH,2017-06-30,7.2433
601988.SH,2017-09-30,10.0595
601988.SH,2017-12-31,11.8587
601988.SH,2018-03-31,3.2664
601988.SH,2018-06-30,7.2172
601988.SH,2018-09-30,9.9701
601988.SH,2018-12-31,11.5848
601988.SH,2019-03-31,3.0734
601988.SH,2019-06-30,6.702
601988.SH,2019-09-30,9.1731
601988.SH,2019-12-31,10.818
601988.SH,2020-03-31,2.7812
601988.SH,2020-06-30,5.2973
601988.SH,2020-09-30,7.607
601988.SH,2020-12-31,9.9159
601988.SH,2021-03-31,2.6348
601988.SH,2021-06-30,5.445
601988.SH,2021-09-30,7.7888
601988.SH,2021-12-31,10.1586
601988.SH,2022-03-31,2.5697
601988.SH,2022-06-30,5.2825
601988.SH,2022-09-30,7.5131
601988.SH,2022-12-31,9.7766
601998.SH,2016-03-31,3.4656
601998.SH,2016-06-30,7.2877
601998.SH,2016-09-30,10.4692
601998.SH,2016-12-31,11.9458
601998.SH,2017-03-31,2.9693
601998.SH,2017-06-30,6.2639
601998.SH,2017-09-30,8.9627
601998.SH,2017-12-31,10.9303
601998.SH,2018-03-31,3.0174
601998.SH,2018-06-30,6.346
601998.SH,2018-09-30,8.9341
601998.SH,2018-12-31,10.6452
601998.SH,2019-03-31,2.97
601998.SH,2019-06-30,6.335
601998.SH,2019-09-30,8.9815
601998.SH,2019-12-31,10.0663
601998.SH,2020-03-31,2.7418
601998.SH,2020-06-30,4.8734
601998.SH,2020-09-30,7.0228
601998.SH,2020-12-31,9.2251
601998.SH,2021-03-31,2.8317
601998.SH,2021-06-30,5.0697
601998.SH,2021-09-30,7.2097
601998.SH,2021-12-31,9.5042
601998.SH,2022-03-31,2.7393
601998.SH,2022-06-30,5.1327
601998.SH,2022-09-30,7.3369
601998.SH,2022-12-31,9.6155
